id,square_feet,bedrooms,bathrooms,floors,year_built,lot_size,garage_cars,has_pool,has_basement,neighborhood,condition,zipcode,price
1,3974,1,3.5,2,2013,1.88,1,0,1,Downtown,Poor,85001,1008278.67
2,1660,5,1.5,2,2000,1.31,2,0,0,Waterfront,Good,77001,666836.02
3,2094,4,1.0,1,2002,0.72,2,0,1,Historic,Fair,60601,663382.85
4,1930,2,1.5,2,2000,0.61,1,0,0,Downtown,Good,60601,596063.57
5,1895,1,3.0,1,1996,0.46,2,0,1,Suburban,Poor,77001,563307.35
6,3892,1,1.0,2,1953,1.42,2,1,0,Suburban,Excellent,60601,884757.3
7,2438,2,4.0,2,1956,0.52,0,0,0,Downtown,Good,90210,622025.82
8,2969,4,4.0,2,1984,1.23,2,0,0,Waterfront,Poor,90210,914677.66
9,1266,1,4.0,2,1997,0.6,2,0,1,Historic,Poor,77001,581545.68
10,2038,1,2.0,2,2022,1.36,2,0,1,Rural,Excellent,60601,528434.56
11,1130,5,1.5,2,2021,1.65,2,0,0,Downtown,Excellent,60601,705846.31
12,2282,4,4.0,2,1994,1.58,1,0,0,Historic,Poor,85001,827385.25
13,2935,1,2.5,1,2021,1.55,3,0,1,Historic,Poor,60601,719018.22
14,3971,4,3.5,1,1968,0.46,0,0,1,Suburban,Good,90210,897615.05
15,3719,2,2.5,1,2012,0.27,2,0,0,Rural,Poor,10001,793737.17
16,930,3,4.0,2,1987,1.43,2,1,0,Downtown,Poor,10001,525693.74
17,2485,1,3.5,2,2016,0.8,1,0,0,Suburban,Good,10001,761478.96
18,1569,5,3.0,2,2008,0.92,3,0,1,Suburban,Fair,10001,714294.81
19,3191,2,2.5,2,2018,0.16,2,1,0,Waterfront,Good,60601,834901.84
20,2315,4,1.5,2,1962,0.59,1,0,1,Historic,Good,60601,621097.1
21,3653,2,1.5,2,1996,0.16,0,0,0,Downtown,Excellent,85001,869941.84
22,3233,1,2.5,2,2010,1.77,0,1,0,Downtown,Good,60601,914482.97
23,2015,4,4.0,1,1980,0.56,2,0,0,Downtown,Poor,10001,788172.0
24,1755,3,1.5,2,1971,1.16,2,0,1,Suburban,Poor,77001,472755.89
25,3124,2,3.0,1,1992,0.17,3,0,1,Waterfront,Poor,77001,909060.89
26,1984,1,1.0,1,2016,1.37,3,0,0,Rural,Fair,90210,488404.3
27,1259,5,4.0,2,2003,0.71,2,0,1,Suburban,Poor,90210,614366.05
28,821,4,3.0,2,1959,1.81,1,0,0,Rural,Fair,60601,484267.12
29,3100,2,3.5,1,1991,1.79,3,0,0,Waterfront,Poor,77001,760305.0
30,1547,2,3.0,1,2013,0.72,2,0,0,Historic,Good,10001,643610.31
31,3704,3,4.0,2,1970,1.81,3,0,0,Downtown,Excellent,10001,1122328.48
32,1274,3,3.5,2,2015,1.99,2,0,0,Rural,Poor,10001,604894.09
33,1882,5,4.0,1,1990,1.67,0,0,1,Suburban,Fair,60601,820466.94
34,3358,5,1.5,2,1973,1.71,2,0,0,Rural,Fair,60601,864958.86
35,2847,1,1.0,2,1984,0.57,0,0,1,Historic,Excellent,85001,649689.74
36,3547,1,4.0,2,2005,1.2,3,1,0,Downtown,Poor,10001,996000.56
37,1775,5,4.0,1,1979,0.23,2,0,1,Rural,Good,10001,614051.69
38,2606,5,1.5,1,2006,0.28,3,0,0,Historic,Poor,60601,714520.9
39,989,4,2.0,1,1996,2.0,0,0,0,Suburban,Poor,60601,502939.16
40,3805,3,1.5,2,1984,0.72,2,0,0,Waterfront,Excellent,85001,997654.04
41,3534,1,3.5,2,1968,1.52,3,1,0,Suburban,Poor,85001,911156.6
42,3805,3,1.5,1,1957,1.63,0,0,1,Downtown,Good,90210,1033183.73
43,1362,3,1.5,1,1975,1.73,3,1,0,Suburban,Fair,77001,488431.8
44,2699,5,1.0,1,2020,2.0,1,0,1,Suburban,Excellent,10001,830433.19
45,2067,4,1.5,2,1979,0.56,0,1,0,Suburban,Good,10001,617368.92
46,3679,2,4.0,1,1956,0.18,0,0,0,Suburban,Fair,85001,760690.45
47,2328,4,1.0,1,2016,0.88,0,1,0,Downtown,Excellent,85001,747414.69
48,1446,4,2.5,2,2014,0.35,2,0,1,Historic,Excellent,90210,681690.98
49,2868,3,2.0,2,1985,0.14,2,0,1,Rural,Fair,77001,696345.42
50,3688,4,1.0,2,1974,0.78,2,0,0,Waterfront,Fair,90210,920566.64
51,3014,1,3.5,1,1986,1.59,1,0,0,Rural,Good,77001,759486.53
52,2097,3,2.5,2,1950,1.18,1,1,0,Rural,Poor,10001,536856.49
53,3235,1,1.0,2,1964,0.69,0,0,1,Waterfront,Poor,90210,780976.14
54,1400,2,1.0,1,1986,1.34,1,0,1,Downtown,Poor,85001,563169.44
55,3163,3,2.0,2,1962,0.54,3,1,0,Waterfront,Poor,90210,881390.7
56,2861,2,4.0,1,1957,0.13,0,0,0,Downtown,Poor,90210,622181.17
57,1041,3,3.5,1,1954,1.55,0,1,0,Rural,Good,10001,474039.48
58,2841,5,3.0,2,2009,1.29,3,1,1,Downtown,Excellent,85001,1011633.3
59,3624,4,3.0,2,2022,1.55,0,0,0,Historic,Good,85001,933065.27
60,3412,5,1.0,2,1950,0.17,1,1,1,Waterfront,Good,60601,901254.19
61,3745,2,1.5,2,1985,1.69,2,0,0,Historic,Good,60601,896861.09
62,2163,4,3.5,2,1984,1.28,3,0,1,Rural,Excellent,60601,811156.91
63,2939,3,2.5,2,2015,1.17,1,0,1,Waterfront,Good,10001,888935.48
64,2190,4,1.5,1,2012,1.29,3,0,1,Rural,Good,90210,752665.14
65,3803,1,1.5,1,1972,1.74,3,1,1,Historic,Excellent,85001,911081.6
66,2278,4,3.5,2,1958,1.22,0,1,1,Rural,Good,85001,664308.04
67,3356,1,4.0,1,1983,1.2,0,0,0,Waterfront,Poor,90210,839431.88
68,1575,4,1.0,2,1995,1.98,1,0,0,Waterfront,Fair,85001,659643.59
69,834,1,1.0,1,1953,1.54,3,1,0,Rural,Good,90210,241274.38
70,3053,2,1.0,1,1979,0.94,0,0,1,Waterfront,Fair,10001,788914.88
71,3952,5,1.0,1,2021,1.44,0,0,0,Waterfront,Good,10001,1133267.13
72,2755,3,3.0,2,1952,0.84,3,0,1,Rural,Good,10001,756813.48
73,2385,4,1.0,1,1963,0.53,1,1,1,Historic,Poor,90210,613716.5
74,3873,5,3.0,2,2009,1.23,1,0,0,Waterfront,Excellent,90210,1069220.45
75,1821,3,3.0,1,1994,1.86,3,1,0,Waterfront,Fair,77001,701498.89
76,3413,3,4.0,1,1983,1.87,1,1,0,Waterfront,Excellent,85001,993298.82
77,1929,1,1.0,1,1994,0.75,0,0,0,Waterfront,Poor,85001,521308.01
78,2300,2,2.0,1,2010,1.1,3,0,0,Rural,Poor,77001,697345.5
79,1502,2,2.5,1,1965,0.5,0,1,0,Historic,Fair,77001,353946.33
80,3249,5,1.5,2,2015,1.99,2,0,1,Historic,Excellent,10001,1021360.89
81,3577,2,3.0,2,1989,1.96,2,1,1,Downtown,Poor,77001,921664.23
82,2379,4,3.5,1,1966,1.33,1,1,0,Waterfront,Good,90210,842075.25
83,961,2,3.5,1,1983,1.63,2,0,0,Waterfront,Good,60601,566265.06
84,1001,5,2.5,1,1965,1.46,0,1,0,Downtown,Good,90210,514278.06
85,2781,2,3.5,1,2009,1.23,2,1,1,Historic,Excellent,77001,903431.86
86,1795,4,2.0,2,2015,0.2,0,1,1,Suburban,Good,85001,629390.17
87,3117,1,3.5,1,2015,0.96,1,0,0,Suburban,Good,90210,828467.0
88,1615,5,1.5,2,1962,1.38,1,0,0,Historic,Poor,85001,458487.81
89,1255,1,1.5,1,2005,1.39,0,0,1,Waterfront,Poor,90210,550948.62
90,2075,1,3.0,2,1980,0.81,2,0,1,Suburban,Good,85001,658340.38
91,1816,1,1.0,1,1983,1.89,1,0,0,Rural,Good,90210,518124.68
92,3143,3,4.0,1,1988,0.42,3,1,1,Rural,Poor,85001,786401.92
93,3567,3,2.0,2,2016,1.05,1,0,0,Downtown,Fair,60601,905971.54
94,1137,1,3.0,1,1957,1.41,2,0,0,Historic,Excellent,10001,507027.55
95,1678,5,2.0,1,2004,1.42,3,0,1,Historic,Excellent,90210,792125.82
96,1876,4,1.0,1,1976,1.33,2,1,1,Suburban,Poor,60601,567572.79
97,1591,4,3.5,2,2002,0.62,0,0,0,Waterfront,Excellent,10001,726551.22
98,3064,2,3.5,1,1988,0.4,3,0,1,Historic,Poor,90210,695183.9
99,1563,5,4.0,1,2014,1.31,2,0,0,Suburban,Poor,60601,671214.99
100,3035,3,1.0,2,1966,1.24,3,1,1,Suburban,Poor,60601,697772.28
101,1179,1,3.0,2,1979,0.44,2,0,0,Historic,Poor,60601,440473.31
102,1292,2,4.0,2,2002,1.44,3,0,1,Suburban,Fair,77001,639221.24
103,3912,4,1.0,1,1962,0.96,2,1,1,Downtown,Good,85001,933301.35
104,1980,3,2.5,1,1970,1.37,0,1,0,Downtown,Good,10001,681559.42
105,2862,3,1.5,1,1968,1.69,3,1,1,Historic,Fair,85001,820024.75
106,864,1,4.0,2,2002,0.42,3,0,1,Waterfront,Excellent,85001,628003.19
107,3368,4,4.0,1,1968,0.14,3,0,1,Downtown,Excellent,85001,1001692.89
108,2167,5,3.0,1,2006,1.58,3,1,0,Downtown,Good,60601,900000.56
109,1952,3,2.0,2,1974,1.26,0,0,1,Historic,Excellent,85001,632805.48
110,2827,1,2.5,2,1980,1.43,3,1,1,Rural,Good,77001,834966.1
111,3495,5,3.0,2,2004,1.69,1,0,0,Suburban,Good,90210,997349.37
112,2295,4,1.0,2,1972,1.63,0,0,1,Downtown,Fair,60601,750007.22
113,3934,3,1.0,2,1981,1.93,1,0,0,Rural,Excellent,10001,906935.34
114,1962,5,1.0,1,2011,1.12,3,0,0,Waterfront,Fair,90210,763590.27
115,2322,5,1.0,2,1959,1.03,2,0,0,Rural,Good,90210,614940.45
116,3440,5,2.0,1,2021,0.86,1,0,0,Historic,Good,90210,899811.28
117,1191,3,2.5,1,2003,0.39,3,1,1,Waterfront,Good,85001,709416.91
118,2498,3,3.5,2,2001,1.19,1,0,0,Waterfront,Poor,85001,807929.53
119,1218,2,1.5,2,1969,0.63,3,0,1,Rural,Poor,60601,361121.81
120,3136,4,2.0,2,1981,1.85,3,1,0,Historic,Poor,85001,814768.75
121,1178,1,2.0,1,1963,1.21,3,0,0,Downtown,Fair,85001,544955.78
122,2596,5,3.5,2,1999,1.23,2,0,0,Rural,Good,85001,805031.27
123,3078,2,3.5,2,1977,0.77,1,1,0,Downtown,Excellent,60601,810363.87
124,3865,1,1.5,2,2002,0.2,0,0,1,Rural,Fair,60601,740321.12
125,2888,2,1.5,2,1973,0.16,0,1,1,Downtown,Fair,77001,683653.98
126,3899,3,3.5,2,1971,0.9,0,1,1,Rural,Fair,77001,883252.68
127,2982,5,1.0,1,1979,0.26,0,1,0,Waterfront,Excellent,77001,885112.99
128,1000,1,2.0,1,2012,1.25,3,0,0,Suburban,Good,77001,456523.02
129,2663,1,3.0,1,1953,1.77,1,0,0,Waterfront,Poor,90210,717675.05
130,1579,1,1.5,2,2008,1.78,1,0,0,Downtown,Good,90210,646470.24
131,3777,1,1.5,2,1957,1.35,2,0,0,Historic,Good,77001,743571.65
132,3904,1,3.5,2,1961,0.5,1,1,1,Waterfront,Fair,77001,958530.88
133,3919,2,2.5,1,1980,1.74,1,0,0,Suburban,Fair,10001,930792.59
134,1302,5,3.0,2,1983,1.78,1,0,1,Downtown,Fair,90210,690646.62
135,3254,3,3.0,2,1998,0.47,2,1,0,Waterfront,Poor,10001,947602.43
136,2551,3,1.5,2,2006,1.5,0,0,0,Rural,Poor,10001,709228.59
137,1604,3,1.0,1,1975,0.64,1,0,1,Historic,Poor,85001,554547.59
138,2946,3,2.5,2,1967,1.63,2,0,0,Downtown,Good,60601,777123.26
139,3531,2,3.0,1,1987,1.99,2,1,1,Waterfront,Fair,90210,947614.83
140,2695,4,1.5,2,1999,0.16,3,0,1,Downtown,Excellent,77001,822092.62
141,3573,5,3.0,1,1957,1.8,2,1,0,Rural,Good,77001,877244.12
142,2370,1,4.0,1,1990,1.28,0,0,1,Suburban,Poor,60601,545176.53
143,1760,4,2.5,1,1955,1.95,1,1,0,Waterfront,Excellent,90210,791812.14
144,3460,3,2.5,2,2018,0.98,2,1,0,Downtown,Excellent,77001,1013852.27
145,2285,4,4.0,2,1993,1.71,0,0,1,Downtown,Fair,77001,893807.03
146,3490,5,2.0,1,2013,0.22,2,0,0,Downtown,Excellent,85001,987921.55
147,1828,1,4.0,1,1978,0.74,2,0,1,Suburban,Poor,10001,647178.0
148,1302,1,3.5,2,1977,0.23,2,1,1,Downtown,Fair,77001,556077.71
149,3614,5,3.5,2,1960,1.95,2,0,1,Historic,Excellent,90210,997286.49
150,1197,5,1.5,1,2014,1.65,2,0,0,Historic,Fair,60601,631659.35
151,1670,3,2.5,2,1968,1.72,0,0,0,Downtown,Excellent,85001,710715.65
152,3642,1,2.0,2,1958,1.88,1,0,1,Historic,Good,90210,879854.22
153,1192,4,2.0,2,1976,0.26,1,0,0,Waterfront,Good,85001,627327.52
154,1006,2,3.0,2,1983,0.83,1,0,0,Historic,Poor,10001,416237.46
155,1838,2,3.0,1,1993,0.23,1,0,0,Downtown,Good,77001,629494.96
156,2681,5,4.0,2,2017,0.5,0,1,0,Rural,Good,90210,802433.4
157,3739,3,2.0,2,1964,0.54,3,0,0,Waterfront,Good,60601,1062802.18
158,2284,2,4.0,1,2000,0.99,3,0,1,Suburban,Excellent,10001,816163.03
159,1663,1,4.0,1,1962,0.61,0,1,1,Downtown,Excellent,10001,578114.74
160,3590,5,3.0,2,1998,0.29,0,1,0,Suburban,Fair,85001,980629.87
161,1363,4,2.5,2,2019,0.42,2,1,0,Rural,Excellent,10001,552291.01
162,1820,5,4.0,2,2005,0.38,2,0,0,Suburban,Good,90210,694684.8
163,895,4,1.0,2,2000,1.95,2,0,1,Downtown,Excellent,85001,617165.04
164,2723,5,2.5,1,1986,1.54,1,0,0,Downtown,Poor,10001,823449.6
165,2557,5,2.0,1,1966,1.94,2,1,1,Rural,Fair,60601,792736.11
166,3332,5,2.0,1,2007,0.94,3,0,0,Downtown,Fair,90210,864147.72
167,3078,4,4.0,2,1978,0.63,1,0,1,Rural,Excellent,60601,867551.73
168,3596,4,2.5,2,1982,1.62,2,0,0,Rural,Good,60601,946932.3
169,2478,5,3.0,2,2009,0.72,1,0,1,Downtown,Fair,85001,862293.2
170,1340,2,3.0,2,2004,0.67,3,0,0,Historic,Poor,77001,450409.37
171,1859,3,3.5,1,1959,0.54,2,0,1,Rural,Poor,85001,496567.36
172,3372,3,2.0,1,1996,0.35,3,0,0,Downtown,Fair,90210,784073.92
173,1983,3,1.5,2,1972,0.59,3,0,1,Historic,Good,90210,640440.65
174,2522,4,3.5,1,1970,0.78,3,1,1,Rural,Good,85001,699217.61
175,3957,4,3.0,2,1962,1.38,2,1,0,Historic,Excellent,77001,990412.86
176,2619,2,2.5,2,1982,0.22,0,1,1,Waterfront,Excellent,85001,767093.25
177,3425,3,3.0,1,1973,0.5,2,1,0,Waterfront,Fair,90210,838910.49
178,3529,3,2.5,2,1960,1.64,3,0,0,Historic,Excellent,77001,934460.04
179,3404,5,3.5,2,1966,0.38,2,0,0,Rural,Excellent,90210,764775.24
180,2397,4,2.0,1,2017,0.75,3,0,0,Downtown,Excellent,77001,830317.24
181,3860,3,3.0,2,1996,1.74,0,0,1,Suburban,Poor,77001,889148.92
182,3493,2,4.0,2,1974,0.39,1,0,1,Downtown,Excellent,85001,888250.84
183,1595,2,2.5,1,2022,0.26,0,0,0,Suburban,Fair,85001,465712.57
184,1851,3,2.0,2,1970,1.02,0,0,0,Suburban,Good,85001,542630.7
185,2443,4,1.5,1,1961,0.67,1,0,1,Rural,Excellent,77001,675093.31
186,2163,2,2.5,2,1986,1.17,2,0,1,Historic,Good,77001,754304.86
187,2781,5,3.5,1,1991,1.63,1,0,0,Downtown,Excellent,90210,979845.29
188,2154,2,1.5,1,1966,0.36,2,1,1,Historic,Fair,60601,708184.42
189,2463,1,1.5,1,1997,1.2,2,0,0,Waterfront,Poor,85001,714714.86
190,2329,1,1.0,2,1977,1.06,3,0,0,Rural,Fair,90210,538365.76
191,2838,4,3.0,1,1990,0.37,3,0,1,Rural,Poor,90210,698348.41
192,2296,3,2.5,1,1996,1.29,1,0,0,Waterfront,Excellent,10001,788210.05
193,3037,4,1.5,1,1967,0.62,0,0,0,Downtown,Excellent,85001,810001.9
194,2208,4,1.0,1,2020,1.03,1,0,0,Waterfront,Poor,90210,649727.79
195,2200,4,3.5,1,1962,0.26,2,0,1,Downtown,Fair,10001,715948.81
196,2106,4,2.0,2,1962,0.97,3,0,1,Suburban,Fair,85001,637456.76
197,3480,5,4.0,2,1980,0.68,1,1,0,Rural,Poor,77001,826595.15
198,3475,5,4.0,2,1951,1.66,1,1,0,Downtown,Excellent,10001,989690.49
199,1772,2,2.5,2,1965,0.21,3,0,0,Historic,Poor,77001,627035.88
200,2568,1,1.5,2,1958,0.9,3,0,0,Historic,Excellent,60601,597871.44
201,2082,4,4.0,2,2022,0.97,3,1,0,Rural,Poor,60601,711412.07
202,1509,2,3.0,2,1987,1.48,2,0,1,Waterfront,Excellent,60601,780479.19
203,2279,1,4.0,1,2003,1.19,3,0,0,Waterfront,Poor,60601,787802.84
204,2234,3,4.0,2,2005,1.37,0,0,0,Downtown,Good,90210,751923.22
205,1448,5,4.0,1,1994,1.58,1,1,0,Waterfront,Excellent,60601,767592.64
206,1117,1,1.0,1,1983,1.74,3,0,0,Rural,Fair,90210,396039.32
207,2057,3,1.5,2,1958,0.7,3,0,1,Downtown,Poor,90210,459074.24
208,1483,1,3.0,1,1957,1.12,2,1,0,Suburban,Fair,85001,510943.35
209,1463,5,1.5,1,1956,1.7,2,0,0,Waterfront,Poor,90210,616691.33
210,2798,5,2.5,1,1985,1.98,1,0,0,Waterfront,Fair,90210,961706.1
211,2431,2,2.5,1,1967,1.79,0,1,0,Downtown,Fair,60601,658483.01
212,2295,4,2.5,2,1952,0.81,1,0,0,Historic,Poor,90210,600076.43
213,1936,1,3.5,2,1977,0.47,3,0,0,Waterfront,Poor,77001,652245.08
214,2653,1,4.0,2,2019,1.03,0,0,0,Rural,Fair,60601,690728.39
215,2320,3,3.5,2,1993,1.51,0,0,0,Waterfront,Fair,10001,723867.68
216,3289,5,1.0,2,1970,1.04,0,0,0,Suburban,Fair,60601,719974.91
217,1363,1,2.5,2,1977,1.02,0,0,0,Waterfront,Excellent,90210,641945.58
218,2091,5,3.0,2,2003,1.69,1,0,1,Historic,Excellent,77001,836116.32
219,3984,1,1.5,2,2003,0.79,2,1,0,Waterfront,Good,60601,896394.19
220,2436,2,4.0,2,2014,1.73,2,0,0,Downtown,Excellent,77001,907061.61
221,3799,4,2.0,2,1970,0.87,3,0,0,Waterfront,Excellent,10001,945386.76
222,3952,1,3.0,1,1962,0.72,2,0,0,Historic,Poor,10001,812448.98
223,1498,5,4.0,2,2006,0.96,2,1,1,Downtown,Good,85001,803863.83
224,2960,2,3.5,1,1998,1.55,2,0,0,Rural,Good,85001,854685.29
225,801,1,3.5,1,2003,0.34,2,0,1,Downtown,Excellent,60601,397753.79
226,1441,3,3.0,1,1959,0.47,3,0,0,Suburban,Poor,85001,506229.51
227,3067,4,3.5,1,2002,1.91,1,0,0,Downtown,Poor,77001,935136.23
228,2389,1,2.5,2,1993,0.43,0,0,1,Rural,Good,85001,549499.23
229,1654,2,1.0,1,1996,1.18,2,1,0,Waterfront,Poor,77001,599645.45
230,2559,3,1.5,2,2002,1.2,1,0,0,Downtown,Fair,85001,562751.41
231,3232,2,1.0,2,1995,1.03,2,0,0,Downtown,Excellent,85001,685900.98
232,2461,2,4.0,1,1962,1.33,2,0,1,Downtown,Fair,85001,820076.64
233,1953,3,1.5,2,1986,0.54,0,1,0,Downtown,Good,90210,588505.24
234,1876,2,1.5,1,1973,1.15,0,0,1,Rural,Good,90210,489089.39
235,2507,3,1.0,1,1951,0.81,0,0,0,Historic,Poor,85001,566283.82
236,3577,1,3.0,2,1963,1.36,2,0,1,Historic,Poor,77001,806253.39
237,2495,3,1.5,2,1959,0.37,2,0,0,Downtown,Good,60601,638315.39
238,2533,3,1.0,1,1984,1.18,2,0,1,Rural,Good,10001,674674.45
239,2239,4,1.5,2,1974,0.45,0,0,0,Rural,Fair,90210,457073.19
240,3094,3,2.0,2,1952,0.63,3,0,1,Downtown,Fair,85001,842595.88
241,1635,3,3.0,2,1966,0.52,1,0,0,Suburban,Poor,10001,467737.5
242,1002,1,2.5,1,1961,0.45,3,0,0,Downtown,Fair,90210,368017.07
243,922,4,1.5,1,2003,1.67,2,0,0,Suburban,Poor,60601,397289.52
244,1200,5,2.0,2,1973,0.64,2,0,0,Downtown,Poor,77001,509132.59
245,1566,1,2.5,2,1978,1.86,3,1,0,Suburban,Excellent,85001,605082.11
246,1093,1,2.5,2,1992,1.94,2,1,1,Suburban,Poor,60601,415008.0
247,3127,5,4.0,2,1974,1.19,1,1,1,Downtown,Fair,90210,929458.24
248,3731,3,1.5,2,2009,0.37,2,1,0,Suburban,Good,85001,836190.05
249,997,2,1.0,1,2014,0.81,1,0,1,Waterfront,Good,10001,589142.83
250,3829,4,1.5,2,1977,1.62,3,1,0,Historic,Fair,77001,973372.62
251,2730,2,2.0,1,1965,0.8,3,0,0,Rural,Good,90210,729966.97
252,3599,5,2.5,2,1996,0.27,2,0,1,Suburban,Poor,77001,823351.29
253,2991,1,1.5,1,2007,1.16,1,0,1,Suburban,Good,85001,713593.41
254,1408,1,1.0,2,1976,1.71,2,0,1,Rural,Fair,60601,449027.66
255,1947,4,4.0,1,2002,1.61,0,1,0,Suburban,Good,77001,776756.63
256,986,1,1.5,2,1991,0.43,0,0,1,Rural,Poor,10001,310949.55
257,3311,1,3.0,1,2008,1.38,0,0,0,Downtown,Poor,90210,756259.52
258,2594,4,4.0,1,1996,0.52,0,1,0,Waterfront,Fair,10001,815116.04
259,1459,4,1.0,1,1983,0.51,2,0,0,Waterfront,Fair,77001,551578.99
260,3611,5,2.0,1,1986,1.76,0,0,1,Historic,Fair,60601,1011695.34
261,3802,1,2.5,1,1955,0.57,1,1,1,Suburban,Excellent,60601,808265.84
262,2755,1,1.5,1,1956,0.6,3,0,1,Historic,Excellent,10001,672403.75
263,3250,5,1.0,2,1974,0.1,3,0,0,Downtown,Poor,85001,804992.9
264,2169,3,4.0,1,1982,1.75,0,0,0,Waterfront,Excellent,85001,870667.71
265,2786,3,3.0,2,2004,1.61,0,0,0,Downtown,Excellent,60601,887170.92
266,2334,3,1.0,2,2007,1.29,0,1,0,Downtown,Good,10001,717642.18
267,946,5,3.5,2,1956,1.53,2,0,0,Suburban,Excellent,10001,525643.32
268,3711,1,3.0,2,2006,0.39,3,0,1,Downtown,Good,10001,894611.2
269,2534,5,4.0,2,1961,0.97,0,0,0,Waterfront,Fair,77001,887924.51
270,2643,5,2.0,1,1965,0.77,1,0,0,Historic,Good,85001,780631.87
271,1288,3,2.5,1,1992,0.28,0,1,0,Waterfront,Good,85001,526950.75
272,3776,2,4.0,1,1956,1.02,3,0,0,Suburban,Fair,77001,928872.88
273,2759,1,2.0,2,2000,1.85,0,0,0,Waterfront,Fair,90210,843788.92
274,2463,3,1.5,1,2022,0.18,3,0,1,Rural,Poor,77001,612641.54
275,3398,2,1.0,1,1981,0.65,0,0,1,Historic,Poor,10001,726514.06
276,3185,2,3.5,1,1957,0.49,1,1,1,Rural,Poor,77001,764324.26
277,3719,4,3.0,1,2021,0.55,0,0,0,Rural,Poor,10001,793564.18
278,1440,1,3.0,1,1994,1.83,1,0,0,Suburban,Good,60601,664979.89
279,2602,2,1.0,2,2008,0.99,1,0,0,Downtown,Good,10001,760953.9
280,3320,3,3.5,1,1953,0.99,0,1,1,Rural,Poor,85001,791201.41
281,2769,4,1.0,2,2016,1.55,1,0,1,Waterfront,Excellent,77001,904124.61
282,2998,1,1.5,2,1978,0.39,2,1,0,Downtown,Poor,10001,706438.87
283,2238,5,2.0,2,1978,1.03,0,0,0,Waterfront,Excellent,90210,709185.88
284,2434,3,4.0,2,1977,0.92,0,1,0,Waterfront,Fair,60601,914204.39
285,1062,2,3.0,2,1993,1.23,1,0,1,Downtown,Good,90210,612244.58
286,2587,2,1.5,1,1953,2.0,1,0,1,Downtown,Good,90210,803750.68
287,2991,3,2.0,1,1958,1.56,0,0,0,Waterfront,Excellent,90210,858187.86
288,3193,2,1.5,1,1954,0.86,2,0,0,Suburban,Poor,60601,637435.54
289,1423,4,3.5,2,2005,1.67,1,1,0,Historic,Good,60601,667734.64
290,1816,1,3.0,1,1999,0.42,1,1,0,Historic,Excellent,60601,665078.73
291,1680,4,4.0,1,1964,0.16,3,0,0,Suburban,Fair,60601,560372.65
292,2849,2,1.0,2,1981,0.49,2,0,0,Downtown,Fair,90210,665482.15
293,3744,5,1.0,2,1977,0.75,2,0,1,Waterfront,Good,85001,1015419.96
294,2127,1,2.0,2,1971,1.07,0,1,1,Historic,Poor,85001,532583.58
295,3101,1,4.0,2,1966,1.27,2,0,0,Waterfront,Excellent,60601,968847.34
296,1252,3,2.5,1,2008,1.83,0,0,1,Suburban,Good,77001,570912.95
297,3908,3,3.5,2,2020,1.07,3,0,0,Waterfront,Fair,10001,1003794.03
298,1983,5,2.0,2,2006,1.05,2,0,0,Suburban,Poor,77001,594449.87
299,3862,1,2.5,1,1975,0.2,1,0,0,Downtown,Excellent,77001,934209.27
300,2856,5,1.5,1,1974,0.17,3,0,0,Suburban,Good,77001,688549.87
301,3970,3,3.5,2,1959,1.15,0,0,0,Suburban,Excellent,85001,981203.87
302,2482,3,1.5,1,1994,0.93,3,1,0,Historic,Poor,10001,698383.67
303,3663,1,4.0,2,1960,1.69,0,0,0,Waterfront,Poor,77001,897364.98
304,3055,4,3.0,2,2002,0.41,3,0,1,Historic,Fair,60601,983379.71
305,1954,2,3.5,1,2021,0.15,0,0,0,Rural,Poor,85001,446889.19
306,1203,3,2.5,1,2017,0.95,2,1,0,Suburban,Good,60601,532443.32
307,2999,3,3.0,2,1977,0.55,1,0,0,Rural,Excellent,60601,745178.5
308,2901,4,1.0,2,2014,0.19,0,0,1,Historic,Poor,77001,811437.47
309,3991,4,2.5,2,1998,1.48,3,0,0,Waterfront,Poor,60601,1049094.94
310,2496,5,2.0,1,1996,0.31,0,0,1,Historic,Good,10001,746612.65
311,1427,5,1.0,2,2001,1.26,0,0,0,Waterfront,Excellent,60601,648258.23
312,1386,2,1.0,2,2003,0.63,0,1,0,Waterfront,Excellent,77001,602331.43
313,2448,2,2.0,2,2009,0.43,3,1,0,Downtown,Fair,60601,706009.13
314,2243,1,3.5,2,2006,0.82,1,0,0,Suburban,Fair,85001,657716.13
315,2245,5,1.0,2,1996,1.62,2,0,0,Historic,Excellent,85001,799459.37
316,903,3,4.0,1,1980,0.84,1,1,0,Waterfront,Good,85001,607744.74
317,1053,5,2.5,2,1995,1.53,0,0,0,Historic,Good,90210,517676.0
318,3983,3,3.0,2,1975,0.34,3,1,0,Historic,Fair,85001,956128.49
319,3357,4,1.0,2,1954,1.57,1,0,0,Waterfront,Poor,85001,903156.09
320,2296,5,2.5,2,2001,0.55,0,1,1,Rural,Good,90210,666066.97
321,898,4,1.5,1,2003,1.39,2,1,0,Suburban,Poor,85001,483395.84
322,3000,2,2.5,1,1982,1.17,2,1,1,Suburban,Good,77001,749712.98
323,2684,2,3.0,1,1999,1.87,2,0,1,Downtown,Excellent,85001,825109.63
324,3761,1,2.5,2,1987,0.84,0,0,0,Downtown,Fair,85001,897668.29
325,2719,5,2.0,2,1976,0.23,3,1,0,Downtown,Poor,90210,796926.67
326,1677,4,3.0,1,1964,0.14,1,0,0,Suburban,Poor,77001,506998.26
327,1137,3,3.5,1,2010,1.67,2,0,1,Rural,Excellent,60601,492461.34
328,3669,2,1.5,1,1970,1.1,0,1,1,Suburban,Good,10001,802205.36
329,1756,2,2.0,2,1995,1.57,0,1,1,Suburban,Poor,77001,584240.7
330,2504,3,3.5,2,2018,0.55,1,1,1,Suburban,Good,60601,713146.72
331,960,4,2.5,1,1955,0.76,2,0,1,Suburban,Excellent,77001,483805.73
332,2403,4,3.0,1,1987,0.16,0,1,0,Rural,Fair,60601,675782.69
333,3648,5,1.5,1,2011,1.93,1,1,0,Downtown,Poor,60601,898643.06
334,1197,5,2.0,2,2011,1.37,3,0,1,Historic,Good,77001,567085.67
335,2100,1,3.5,2,1995,1.87,3,0,0,Downtown,Poor,90210,618308.59
336,1615,2,3.5,2,1962,0.6,3,0,0,Downtown,Good,77001,620474.26
337,2327,5,1.5,1,1952,1.26,2,0,1,Historic,Good,77001,695700.07
338,2719,4,4.0,1,1955,1.39,1,1,0,Suburban,Good,60601,863252.43
339,2215,3,2.5,2,1957,0.7,1,0,1,Rural,Excellent,10001,624800.92
340,1958,4,1.5,1,1993,1.71,0,1,1,Rural,Fair,60601,715726.74
341,2018,2,3.5,2,1982,1.9,0,1,0,Downtown,Poor,85001,617325.89
342,1200,4,1.0,1,1999,1.78,0,0,1,Historic,Fair,77001,546588.59
343,1439,1,2.0,1,1960,1.5,1,1,0,Waterfront,Good,77001,553089.26
344,3904,2,1.5,1,1977,0.63,0,0,0,Suburban,Good,90210,828610.63
345,3535,3,4.0,1,2019,0.64,1,1,0,Downtown,Fair,60601,974246.79
346,1259,1,3.5,2,1990,1.93,1,0,0,Rural,Fair,90210,435193.96
347,1754,2,2.5,1,1965,0.12,3,1,0,Historic,Poor,77001,515742.39
348,1269,3,3.5,2,2017,1.46,0,0,0,Historic,Good,60601,613504.9
349,1845,1,2.5,2,1997,1.44,3,0,0,Downtown,Fair,60601,600284.55
350,3597,1,1.5,2,2005,1.28,2,1,0,Waterfront,Excellent,85001,1009408.36
351,2493,2,2.5,1,2013,1.98,2,0,1,Rural,Good,85001,693895.37
352,2885,5,3.0,2,2008,0.69,2,0,1,Downtown,Good,10001,1011800.43
353,3077,1,3.0,2,2011,0.75,1,0,0,Waterfront,Poor,85001,849734.52
354,1362,1,3.0,2,1960,0.25,1,1,0,Historic,Excellent,60601,526237.06
355,3285,3,4.0,1,1967,0.94,1,0,0,Suburban,Poor,85001,926015.71
356,2599,4,4.0,1,1968,0.6,0,0,0,Rural,Excellent,10001,709385.06
357,2874,2,1.0,2,2004,0.75,3,0,1,Rural,Poor,77001,670168.79
358,1025,2,4.0,1,1975,1.69,1,0,1,Waterfront,Excellent,85001,676384.02
359,1597,5,1.5,2,1955,1.88,3,0,0,Downtown,Excellent,60601,727923.38
360,3131,5,3.5,2,1953,0.45,3,0,0,Historic,Excellent,77001,969455.82
361,3726,2,3.5,1,1978,0.81,3,0,0,Waterfront,Fair,60601,999347.47
362,1759,5,1.0,2,2008,1.86,0,0,1,Suburban,Good,77001,698939.69
363,2304,3,4.0,1,1966,0.22,0,0,0,Suburban,Excellent,60601,637080.6
364,1252,2,2.5,1,1992,0.28,2,1,1,Suburban,Fair,85001,477992.49
365,3867,5,1.0,2,2015,0.41,2,0,1,Waterfront,Fair,85001,1084464.38
366,1615,2,2.5,1,1983,1.23,3,0,0,Historic,Poor,10001,576092.81
367,1458,4,2.5,1,1957,0.39,2,0,0,Rural,Good,77001,497116.18
368,1346,1,2.0,2,1962,1.94,3,0,1,Downtown,Good,10001,535237.79
369,2015,2,3.5,2,1957,0.95,0,1,0,Rural,Poor,90210,574579.8
370,3920,1,3.0,1,2014,1.05,0,0,0,Historic,Good,85001,877426.73
371,816,5,4.0,1,1992,0.57,0,0,0,Rural,Poor,77001,371091.71
372,2043,1,2.5,2,1988,0.99,1,0,1,Waterfront,Fair,10001,674196.29
373,3005,2,2.0,1,2008,1.36,3,0,1,Suburban,Fair,10001,668625.37
374,3324,4,3.5,1,1993,1.53,0,0,1,Historic,Excellent,90210,998153.84
375,1869,5,3.0,1,1958,1.53,3,0,1,Historic,Poor,10001,705697.21
376,3365,2,2.5,1,1986,1.2,2,0,1,Rural,Fair,60601,767609.82
377,2946,5,2.5,1,1985,1.82,2,1,1,Waterfront,Fair,85001,974294.09
378,2568,3,1.0,1,1977,1.65,0,0,0,Rural,Poor,10001,565733.95
379,1860,1,1.0,1,1991,1.54,3,0,0,Rural,Fair,10001,459543.63
380,3127,3,3.5,2,1992,0.21,0,1,1,Historic,Good,90210,860278.63
381,3344,2,3.0,2,1991,0.11,2,1,1,Rural,Fair,60601,767630.25
382,1101,4,2.5,2,2015,0.5,0,0,1,Suburban,Poor,10001,465272.61
383,980,5,3.5,2,2004,1.36,3,1,0,Rural,Good,85001,605713.57
384,1406,1,3.5,2,2021,0.88,2,1,1,Suburban,Good,85001,587773.57
385,3970,5,1.5,1,1997,0.86,1,0,1,Historic,Fair,10001,968924.63
386,1499,2,4.0,1,1971,1.78,2,0,0,Waterfront,Excellent,60601,770904.99
387,1792,5,1.0,1,1976,1.8,1,0,0,Suburban,Good,85001,585561.54
388,1939,1,3.0,1,2016,1.83,0,1,0,Waterfront,Poor,85001,725123.66
389,990,2,2.5,2,1962,0.7,0,0,0,Waterfront,Excellent,60601,535971.52
390,3100,5,3.5,1,1994,1.41,3,0,0,Suburban,Excellent,60601,884806.81
391,1780,4,2.5,1,1959,0.62,1,1,0,Historic,Good,10001,670327.22
392,3775,2,1.5,2,1958,0.46,0,0,0,Downtown,Fair,77001,879572.57
393,2806,2,3.0,1,2003,0.45,1,0,1,Waterfront,Excellent,90210,858995.22
394,1984,4,3.5,1,1976,0.75,0,0,1,Waterfront,Fair,77001,722040.23
395,927,3,2.5,2,1983,0.92,2,0,1,Historic,Good,77001,501899.69
396,2865,1,1.0,1,1950,1.68,0,1,0,Historic,Poor,85001,661780.29
397,2616,3,4.0,1,1981,0.33,3,0,0,Rural,Excellent,60601,772438.93
398,2558,5,1.5,1,2020,1.5,2,1,1,Historic,Poor,85001,733666.94
399,3413,4,3.0,1,2016,1.11,3,0,0,Waterfront,Fair,90210,967143.95
400,1369,3,1.5,1,1969,0.65,2,0,1,Suburban,Fair,10001,486715.64
401,2146,2,1.0,2,1984,1.04,1,1,1,Downtown,Poor,90210,597648.91
402,2695,5,3.0,2,1966,0.67,3,0,0,Rural,Good,85001,692444.1
403,3533,5,1.5,2,1967,1.23,0,0,1,Suburban,Good,85001,932963.01
404,1425,3,2.0,2,1994,0.92,1,0,0,Downtown,Excellent,85001,550764.34
405,3701,3,1.0,2,2002,0.41,0,1,0,Downtown,Excellent,85001,896438.86
406,2486,4,1.0,2,2017,0.32,2,0,1,Downtown,Good,77001,734324.04
407,3809,1,1.0,1,2014,1.14,2,0,0,Suburban,Good,10001,780415.56
408,954,3,2.0,2,1950,1.81,0,0,1,Rural,Poor,77001,374847.74
409,3337,3,2.0,2,2007,0.75,0,0,0,Rural,Fair,85001,756655.34
410,2209,2,2.5,1,1975,1.49,1,1,0,Downtown,Fair,60601,666966.2
411,1584,5,3.5,1,1969,1.35,0,0,0,Suburban,Excellent,77001,631790.39
412,3975,1,4.0,2,1959,1.87,3,0,1,Downtown,Good,85001,1060774.35
413,1045,2,1.5,1,2008,1.66,3,0,0,Historic,Poor,85001,373493.09
414,3910,4,2.5,2,1990,1.18,0,0,0,Rural,Excellent,10001,877749.81
415,2300,4,1.5,1,1954,1.35,3,1,1,Waterfront,Poor,90210,771671.74
416,2505,3,4.0,2,2014,1.81,0,0,0,Downtown,Good,77001,820913.06
417,3606,3,3.5,1,1966,0.86,1,1,1,Historic,Good,77001,917348.55
418,1337,4,2.0,1,1971,0.72,3,0,0,Rural,Good,77001,539634.63
419,2690,3,3.5,2,1990,0.12,3,0,1,Suburban,Fair,85001,707333.79
420,2641,1,2.0,2,2017,1.67,0,1,1,Rural,Good,10001,812608.91
421,1720,3,4.0,2,2018,1.62,3,0,0,Suburban,Excellent,85001,656274.37
422,3255,5,3.5,2,1960,0.3,2,1,0,Suburban,Fair,85001,737150.31
423,1324,3,2.5,2,2005,1.2,1,1,1,Downtown,Poor,60601,632046.81
424,3675,2,3.0,1,2000,0.98,1,0,0,Downtown,Excellent,10001,898052.44
425,2329,1,2.5,2,1970,0.33,3,0,1,Rural,Excellent,77001,561996.32
426,3750,2,1.5,2,1975,1.96,3,1,0,Historic,Poor,90210,939236.66
427,835,2,2.5,1,1968,0.51,2,0,0,Rural,Fair,77001,308386.57
428,1484,5,4.0,1,2009,0.23,2,0,0,Waterfront,Excellent,85001,810618.09
429,819,1,1.0,2,2020,1.23,3,0,1,Suburban,Excellent,10001,425829.4
430,3168,1,1.5,1,1996,1.5,3,0,0,Suburban,Excellent,10001,813826.58
431,3359,1,3.5,1,2020,0.16,2,1,1,Downtown,Fair,10001,860778.88
432,1199,1,1.5,2,1975,1.35,0,0,1,Historic,Fair,60601,380859.39
433,3501,1,3.0,1,1989,1.11,2,0,0,Downtown,Fair,77001,943180.07
434,1771,5,2.0,1,1954,0.3,0,0,0,Waterfront,Excellent,60601,712473.11
435,2706,3,3.5,2,1970,0.43,1,0,1,Rural,Good,90210,665567.97
436,3318,2,1.5,2,1953,1.18,1,0,0,Rural,Poor,85001,635280.2
437,1966,1,3.5,1,1972,0.66,2,1,1,Historic,Good,60601,733211.34
438,1915,3,3.5,1,1964,1.88,0,0,0,Downtown,Fair,60601,620338.98
439,1633,3,3.5,2,1957,1.66,2,1,0,Downtown,Excellent,85001,672744.6
440,2623,2,2.0,1,1990,1.97,2,1,1,Waterfront,Excellent,10001,932453.02
441,3574,5,4.0,1,1968,0.59,0,0,0,Rural,Good,85001,984124.73
442,2782,4,2.5,1,1995,1.94,2,0,0,Downtown,Good,77001,881491.58
443,1653,4,3.5,2,1977,0.92,1,0,0,Historic,Poor,85001,637940.56
444,850,3,1.0,1,2017,0.76,3,0,0,Rural,Excellent,10001,383628.01
445,1374,2,4.0,1,1964,0.2,3,1,0,Waterfront,Good,85001,665152.62
446,1948,4,3.0,2,1986,0.2,2,1,1,Historic,Poor,60601,632219.26
447,2997,3,2.0,1,1950,1.41,0,0,0,Suburban,Fair,90210,785381.25
448,3161,5,1.5,1,2016,0.97,0,0,0,Waterfront,Good,60601,998084.54
449,3417,4,2.0,2,1973,0.53,1,1,1,Historic,Fair,90210,968020.84
450,3152,3,1.5,2,1976,1.27,0,1,0,Downtown,Poor,85001,732025.54
451,2515,3,2.0,2,1989,0.58,0,0,0,Suburban,Fair,77001,619024.91
452,1481,1,1.5,2,2012,1.2,1,0,1,Waterfront,Excellent,85001,652408.35
453,1637,5,3.5,1,2010,0.78,2,0,1,Downtown,Excellent,10001,736226.62
454,1877,1,2.5,1,1985,1.66,3,1,0,Suburban,Fair,85001,620602.76
455,3850,2,1.5,2,1973,1.66,1,0,1,Rural,Excellent,90210,913448.9
456,3291,1,1.5,2,1973,1.01,2,0,0,Downtown,Poor,60601,694131.72
457,3460,1,1.0,1,1953,0.77,1,0,1,Historic,Excellent,77001,727332.18
458,3840,4,1.5,2,2016,0.79,2,0,0,Waterfront,Fair,85001,952517.21
459,3111,3,1.0,1,1983,1.63,1,0,0,Suburban,Fair,85001,665964.88
460,3924,5,3.0,2,2006,0.72,2,1,0,Downtown,Fair,60601,1090299.64
461,2395,1,3.5,1,1998,0.5,1,0,0,Rural,Good,77001,581466.58
462,3851,5,1.0,2,2002,0.26,2,0,0,Waterfront,Fair,85001,919094.63
463,804,1,2.5,2,1972,0.99,1,0,1,Waterfront,Poor,85001,463053.49
464,1926,2,4.0,1,2018,1.02,3,0,0,Downtown,Excellent,90210,769369.2
465,2019,1,3.5,2,2002,1.7,3,0,0,Rural,Excellent,90210,653073.48
466,1573,4,1.0,1,2011,0.52,0,0,0,Suburban,Good,10001,550481.44
467,1676,3,3.5,1,1990,0.82,2,0,0,Downtown,Good,60601,633627.69
468,1791,2,3.5,1,2006,1.64,1,0,1,Suburban,Poor,77001,502302.45
469,3731,1,3.5,1,2009,1.66,2,0,0,Waterfront,Fair,85001,1072812.15
470,846,5,3.0,1,2003,0.83,3,0,0,Suburban,Good,85001,506990.23
471,3714,2,2.5,2,2019,0.97,2,1,0,Rural,Excellent,10001,883152.29
472,3670,2,2.0,2,2006,0.68,1,1,1,Historic,Good,85001,871773.15
473,3783,1,2.0,1,1959,1.87,2,0,0,Rural,Good,60601,819930.05
474,3503,2,1.0,2,1989,0.33,1,0,0,Suburban,Fair,10001,694237.88
475,1068,5,3.5,1,1956,1.87,3,1,0,Downtown,Good,60601,733603.56
476,1169,2,1.0,2,1987,1.4,3,0,0,Waterfront,Poor,10001,591605.7
477,1435,5,3.0,2,2010,1.11,3,1,0,Historic,Excellent,85001,708790.03
478,1929,1,3.0,2,1952,0.16,0,1,1,Downtown,Fair,10001,509449.63
479,2493,3,1.5,2,2000,1.0,3,0,1,Downtown,Excellent,90210,767354.93
480,2482,2,3.0,1,1996,0.87,2,0,1,Rural,Poor,77001,655752.91
481,1456,3,1.5,1,2017,0.41,0,1,0,Suburban,Poor,85001,454581.95
482,919,5,2.5,2,1987,1.35,3,0,0,Rural,Good,77001,496829.42
483,1630,2,1.0,2,1985,1.95,2,0,0,Suburban,Good,85001,479149.48
484,2610,4,4.0,1,1990,1.17,2,0,1,Rural,Good,77001,691555.56
485,1881,3,2.5,2,2018,1.46,2,0,0,Downtown,Excellent,90210,692414.12
486,2774,2,3.0,1,1962,0.23,1,0,1,Waterfront,Poor,77001,789820.79
487,2169,3,2.5,1,2007,0.89,0,1,0,Suburban,Fair,10001,668149.64
488,1540,2,2.5,1,1999,0.32,2,1,0,Historic,Good,77001,565923.23
489,916,1,2.5,2,1979,1.26,1,0,0,Historic,Excellent,85001,500389.34
490,2653,3,3.0,1,2011,1.88,3,0,0,Downtown,Good,60601,815555.84
491,3638,4,4.0,2,1974,1.36,2,0,1,Rural,Poor,77001,897537.5
492,1950,4,3.5,1,1976,0.25,1,0,1,Rural,Fair,77001,496182.24
493,2731,5,2.5,2,2000,0.77,2,0,0,Downtown,Poor,77001,804950.95
494,1812,2,1.5,2,2006,1.15,0,1,0,Historic,Excellent,85001,637775.76
495,2464,3,3.0,2,1996,0.87,0,1,1,Historic,Good,77001,785265.41
496,1881,5,2.5,1,1988,1.68,3,0,1,Rural,Poor,85001,707030.9
497,1433,3,4.0,1,1965,1.65,2,0,0,Suburban,Excellent,85001,673249.74
498,1312,2,3.5,2,1971,1.26,1,0,0,Waterfront,Good,60601,559854.32
499,3649,4,3.0,2,2003,0.81,3,0,0,Suburban,Fair,10001,976985.97
500,1919,1,2.0,2,1970,0.59,2,0,0,Historic,Poor,85001,478877.4
501,1941,4,3.5,1,2021,0.3,3,0,0,Suburban,Good,90210,598142.57
502,1359,5,1.5,1,1965,0.77,1,1,0,Waterfront,Good,77001,626412.22
503,1287,1,2.5,1,2008,0.89,3,0,0,Suburban,Good,90210,537406.45
504,1696,5,4.0,1,1980,1.38,3,0,0,Suburban,Good,77001,664707.41
505,2012,2,2.0,2,1991,1.35,3,1,0,Suburban,Poor,60601,668942.91
506,1503,1,4.0,2,1981,0.23,2,0,1,Suburban,Good,85001,488784.17
507,2270,5,2.0,1,2008,0.85,1,0,1,Downtown,Excellent,10001,773945.4
508,1380,2,3.0,1,1983,0.45,0,0,0,Historic,Poor,85001,411263.12
509,3637,4,2.0,2,1958,0.4,2,0,1,Waterfront,Good,77001,860101.19
510,3708,2,1.5,1,1960,1.67,0,1,1,Historic,Poor,10001,779543.32
511,3094,3,1.5,1,1959,0.18,0,0,0,Downtown,Excellent,85001,701007.03
512,3947,2,1.0,1,1966,0.9,2,1,0,Downtown,Excellent,10001,918544.72
513,953,2,1.5,1,2017,0.42,2,0,1,Downtown,Poor,77001,280376.28
514,2479,3,3.5,1,1997,1.77,1,0,1,Downtown,Good,60601,877677.65
515,1796,5,2.0,1,2001,1.16,1,1,1,Suburban,Good,60601,725733.69
516,3957,5,1.5,2,1974,0.54,3,0,1,Historic,Excellent,85001,1053123.06
517,3544,2,3.0,1,1970,1.05,0,0,1,Rural,Good,90210,726517.23
518,2043,3,4.0,1,2014,1.49,1,0,0,Waterfront,Excellent,77001,837308.43
519,1892,3,4.0,2,2012,1.92,3,0,0,Downtown,Good,85001,850871.78
520,3918,4,1.0,2,2000,0.52,1,0,0,Historic,Excellent,85001,972074.79
521,1808,5,4.0,2,1985,1.78,2,0,0,Downtown,Fair,60601,841146.55
522,2941,1,2.0,1,2015,1.88,1,0,1,Downtown,Good,10001,837285.75
523,2573,5,1.0,2,1964,1.84,0,0,0,Downtown,Good,77001,751151.31
524,1757,5,2.0,1,1988,1.31,1,1,1,Downtown,Good,10001,651152.54
525,3859,4,3.0,1,2019,1.3,0,0,0,Downtown,Poor,77001,1018093.81
526,1252,1,1.0,1,1950,0.87,2,1,0,Waterfront,Good,90210,480284.29
527,2027,4,2.5,2,1972,1.53,0,0,0,Historic,Poor,60601,618747.05
528,3759,1,3.5,2,1988,1.11,1,0,0,Downtown,Poor,90210,865208.53
529,3065,2,3.5,2,2006,1.39,3,1,1,Downtown,Excellent,85001,860017.39
530,3321,1,2.0,2,1983,0.91,2,0,1,Downtown,Poor,60601,728077.21
531,3279,4,4.0,2,1990,1.49,1,1,1,Downtown,Poor,85001,981044.07
532,3188,5,2.5,1,2022,1.67,2,0,0,Suburban,Fair,90210,900770.71
533,1350,1,1.0,1,1962,0.38,2,0,0,Suburban,Good,77001,398591.15
534,2435,1,2.5,1,2019,1.68,1,0,0,Rural,Poor,85001,651942.35
535,2112,3,2.5,1,1955,1.13,1,0,0,Downtown,Good,10001,616637.97
536,2557,5,4.0,2,2001,1.7,3,1,1,Rural,Poor,77001,820792.49
537,1156,2,1.0,2,1952,0.92,2,0,1,Waterfront,Excellent,77001,526340.64
538,2870,4,3.0,1,2012,0.82,2,1,1,Rural,Fair,90210,854174.95
539,2585,2,4.0,2,1998,1.84,1,1,0,Historic,Poor,90210,778045.1
540,3369,5,2.5,2,1996,0.58,0,0,1,Suburban,Good,60601,775795.14
541,2581,1,2.5,1,2004,1.7,1,0,0,Suburban,Excellent,60601,720740.86
542,3971,1,3.0,1,2013,1.02,2,1,1,Downtown,Good,10001,1058313.52
543,3649,5,2.5,2,2014,1.08,1,1,0,Downtown,Excellent,77001,1117700.97
544,3609,1,2.5,2,2016,0.69,3,0,0,Waterfront,Fair,10001,940378.8
545,3289,1,2.5,1,1964,1.19,0,0,0,Waterfront,Excellent,10001,782050.17
546,2431,1,3.5,1,1981,0.72,1,0,1,Historic,Good,90210,675831.46
547,3616,4,4.0,1,2017,0.17,3,0,0,Downtown,Good,10001,1028652.86
548,1815,4,1.5,2,1967,0.62,2,0,0,Downtown,Poor,10001,593060.74
549,2148,3,4.0,1,1992,0.11,1,1,1,Waterfront,Excellent,85001,852053.58
550,1315,2,3.0,1,1984,1.96,2,0,0,Waterfront,Good,60601,653669.62
551,3887,5,2.5,2,2007,1.93,3,0,0,Waterfront,Poor,60601,1133975.77
552,3639,5,4.0,2,1982,0.85,2,0,0,Suburban,Fair,77001,910321.75
553,1135,5,3.5,2,1963,1.48,3,0,0,Rural,Good,60601,580982.45
554,2582,3,3.0,2,1983,0.76,3,0,1,Rural,Poor,77001,707789.37
555,3105,4,2.0,2,2010,1.38,3,0,1,Downtown,Good,85001,960581.79
556,1296,3,4.0,1,1953,1.63,1,0,0,Suburban,Excellent,60601,615854.75
557,1695,5,2.0,1,2008,1.9,2,0,1,Waterfront,Poor,85001,777945.75
558,3007,2,2.5,2,1978,0.86,2,0,0,Downtown,Excellent,60601,764115.31
559,1651,1,3.5,2,1955,1.59,0,1,0,Suburban,Fair,60601,537527.88
560,2487,4,3.5,2,1998,0.61,0,0,0,Historic,Excellent,85001,735587.73
561,2731,4,4.0,2,1989,1.98,0,0,0,Suburban,Poor,10001,770176.3
562,3537,3,3.0,2,2014,0.15,0,0,0,Downtown,Good,10001,825608.0
563,3227,4,3.0,1,2018,1.25,2,1,1,Rural,Poor,10001,883798.34
564,2368,5,3.5,1,1976,1.35,3,0,1,Waterfront,Excellent,10001,839942.41
565,1756,5,3.0,1,1955,1.41,3,0,0,Historic,Excellent,60601,751764.06
566,3538,3,3.5,1,1962,0.33,1,1,0,Suburban,Good,90210,854467.39
567,2436,5,4.0,2,2013,1.88,3,0,1,Downtown,Fair,85001,1024507.98
568,2091,2,1.5,1,2011,0.44,2,0,1,Downtown,Poor,90210,585919.99
569,2240,3,3.5,2,1968,1.28,2,0,1,Waterfront,Good,90210,807255.17
570,1991,2,2.0,2,1992,0.52,2,0,0,Downtown,Good,77001,652776.61
571,1866,1,3.0,2,1969,0.68,1,0,1,Downtown,Good,10001,592575.36
572,1084,2,3.5,1,2017,1.14,0,1,0,Waterfront,Poor,60601,599841.64
573,3244,1,3.5,2,1993,0.89,3,0,0,Historic,Poor,10001,843320.0
574,811,1,4.0,1,1972,0.4,2,1,0,Rural,Poor,10001,342274.26
575,2430,2,3.0,1,1951,0.42,2,0,0,Rural,Fair,90210,628263.01
576,3346,3,1.5,2,1971,0.89,0,1,0,Suburban,Good,77001,692943.31
577,1553,5,4.0,2,2006,1.54,2,0,0,Historic,Excellent,10001,848123.99
578,2882,5,1.5,2,2021,1.81,3,0,0,Suburban,Excellent,85001,803891.7
579,3574,1,4.0,1,1956,0.26,1,0,1,Rural,Good,85001,844709.37
580,3696,1,3.0,2,2005,0.85,2,1,0,Waterfront,Excellent,10001,925576.88
581,889,3,1.0,1,2016,0.29,3,0,0,Downtown,Fair,90210,544879.21
582,1575,4,3.0,2,1965,0.13,2,0,0,Rural,Fair,90210,497793.81
583,3452,2,3.0,2,2000,1.36,0,0,1,Historic,Poor,60601,790555.79
584,3817,1,1.5,1,2021,1.24,2,0,0,Rural,Poor,77001,873305.99
585,2425,5,1.5,1,1961,0.41,2,0,0,Historic,Poor,90210,575306.5
586,3869,3,3.0,1,2002,0.54,1,0,0,Historic,Poor,60601,869982.31
587,1217,2,3.0,1,1954,0.15,0,0,1,Historic,Poor,85001,526285.61
588,914,3,3.0,1,1976,1.69,0,0,1,Suburban,Excellent,85001,544376.91
589,1416,2,1.5,1,1961,1.95,1,0,0,Waterfront,Excellent,85001,514099.26
590,1625,2,3.0,2,1966,0.36,2,0,0,Rural,Poor,10001,416085.39
591,2449,1,3.0,2,1955,0.54,3,1,1,Waterfront,Fair,77001,733262.03
592,2316,3,2.5,1,1954,1.75,0,0,0,Downtown,Excellent,60601,737825.84
593,3946,3,1.0,2,2006,1.86,0,0,1,Rural,Fair,77001,865677.85
594,1212,5,2.0,1,1977,0.9,2,0,0,Waterfront,Fair,10001,633092.52
595,1528,5,1.0,2,2018,0.2,2,1,0,Waterfront,Good,60601,602797.29
596,3868,1,2.5,2,2008,0.17,0,1,0,Downtown,Good,60601,863804.85
597,3608,1,2.0,1,1982,1.19,2,1,0,Historic,Poor,90210,830292.18
598,1475,4,4.0,1,2011,0.85,3,0,1,Rural,Fair,77001,588642.91
599,2692,5,3.0,1,1999,0.15,0,0,1,Rural,Excellent,77001,812097.18
600,3304,2,2.5,2,1968,1.21,3,0,0,Downtown,Good,90210,821493.16
601,3767,3,4.0,1,2018,0.12,3,0,1,Historic,Good,85001,1008216.45
602,3039,1,3.0,2,2015,1.6,2,0,0,Rural,Fair,10001,752602.15
603,3586,3,1.5,1,1996,0.68,3,1,0,Rural,Good,77001,791665.96
604,1922,3,3.5,2,1988,0.18,2,1,0,Rural,Good,90210,617824.55
605,2371,4,2.5,2,2017,1.22,1,1,1,Historic,Excellent,60601,777553.39
606,1777,5,1.5,1,1982,0.86,2,0,1,Downtown,Fair,90210,623869.44
607,1808,1,2.5,2,1962,1.95,3,0,1,Rural,Good,85001,581713.71
608,2943,3,2.5,2,2003,1.13,1,0,1,Waterfront,Fair,10001,804083.09
609,2487,1,1.5,1,1956,0.62,2,0,1,Historic,Good,85001,650725.08
610,3510,2,2.0,2,1963,1.45,3,1,1,Suburban,Excellent,60601,917018.73
611,836,4,1.0,1,1968,0.62,0,0,1,Downtown,Fair,60601,433000.04
612,2348,2,3.0,1,2003,1.82,0,0,1,Waterfront,Good,60601,823323.45
613,3126,1,2.5,1,1969,0.81,2,0,0,Rural,Excellent,60601,660365.82
614,3064,1,3.0,1,1978,1.14,2,0,0,Suburban,Good,90210,756596.36
615,3714,5,3.5,2,1973,0.2,0,1,0,Downtown,Fair,60601,975754.85
616,1672,3,1.5,2,2012,0.91,3,0,0,Historic,Good,60601,553284.56
617,2621,3,3.0,2,2006,1.68,3,1,0,Suburban,Fair,90210,759608.7
618,2096,2,1.5,1,1957,1.63,3,0,0,Suburban,Fair,60601,565095.78
619,2909,4,3.0,2,2011,0.53,2,0,1,Waterfront,Good,85001,912283.52
620,1395,3,1.0,2,1978,0.53,1,1,0,Downtown,Excellent,85001,544941.81
621,2703,5,1.0,1,1966,1.65,1,0,0,Waterfront,Poor,77001,761365.1
622,1528,2,1.0,1,2015,1.87,1,1,0,Waterfront,Excellent,85001,702699.98
623,2165,2,1.0,2,1955,0.28,1,0,1,Rural,Excellent,10001,571840.9
624,1196,5,1.0,1,2007,0.96,1,0,0,Historic,Good,10001,568319.42
625,1498,4,1.0,1,2018,0.74,2,0,0,Suburban,Excellent,10001,574507.58
626,3890,5,1.5,1,1977,1.75,2,1,1,Downtown,Excellent,90210,1027164.42
627,3024,4,2.5,1,2011,0.26,1,0,1,Historic,Poor,85001,741000.67
628,2435,5,3.0,2,1990,0.5,2,1,0,Historic,Excellent,10001,869336.71
629,1195,5,1.0,1,2018,1.53,2,0,0,Downtown,Poor,77001,537325.73
630,3292,1,1.5,1,1990,0.2,1,0,0,Historic,Good,90210,669912.39
631,875,2,1.5,1,1998,1.04,3,0,1,Rural,Poor,77001,470651.66
632,1064,5,1.5,1,1998,0.94,2,0,0,Historic,Fair,85001,595322.97
633,3302,5,2.5,1,2020,0.74,3,0,0,Rural,Fair,60601,850577.33
634,2619,3,3.0,1,1952,0.85,2,1,0,Suburban,Poor,77001,620216.77
635,1517,2,2.5,1,1959,1.11,2,0,0,Suburban,Fair,60601,522717.94
636,3582,3,2.0,1,1984,0.41,1,0,1,Waterfront,Good,90210,899296.6
637,1650,2,4.0,2,1951,1.19,2,0,0,Rural,Fair,77001,569426.64
638,2190,3,1.5,1,1973,1.63,0,0,0,Suburban,Poor,77001,533047.33
639,943,5,2.0,2,1987,1.54,0,0,0,Historic,Good,90210,614719.78
640,1684,5,3.5,1,1971,0.39,1,0,0,Downtown,Fair,90210,606662.92
641,3940,1,1.0,1,1975,0.38,3,0,0,Downtown,Good,10001,960236.67
642,3970,3,4.0,1,1992,0.61,3,0,1,Rural,Poor,85001,924752.89
643,1195,4,1.0,1,2004,0.79,3,0,1,Waterfront,Fair,77001,668965.28
644,3896,1,2.5,2,1988,0.88,0,0,1,Historic,Good,77001,853894.98
645,3795,3,4.0,1,1978,1.39,3,0,1,Rural,Good,90210,903182.49
646,3738,3,3.0,1,1969,0.21,3,0,1,Downtown,Fair,90210,796888.86
647,2292,1,2.0,2,1990,0.17,1,0,0,Rural,Good,85001,588130.19
648,1967,5,3.0,2,2003,0.84,3,1,1,Historic,Good,90210,800450.7
649,3416,3,2.5,1,1969,1.42,0,1,1,Suburban,Poor,60601,749521.23
650,1862,5,1.0,2,1968,0.47,0,1,1,Historic,Poor,60601,623710.15
651,2956,1,4.0,2,2015,1.32,0,0,0,Suburban,Poor,60601,794199.7
652,1865,5,3.0,2,1979,0.59,1,1,0,Suburban,Poor,60601,679369.29
653,2009,2,3.0,1,2002,1.78,1,1,1,Suburban,Poor,85001,592360.7
654,3782,4,1.0,1,1983,1.8,2,1,1,Rural,Poor,77001,934620.57
655,3245,3,4.0,1,1971,0.66,3,0,1,Downtown,Fair,60601,916952.1
656,1433,4,2.0,2,2016,0.54,1,0,0,Rural,Poor,90210,531331.15
657,1956,5,1.0,1,1955,0.88,0,1,0,Downtown,Good,60601,661536.56
658,2038,3,3.0,2,1976,0.56,0,0,0,Historic,Fair,85001,605350.78
659,1532,5,2.0,1,1959,1.38,1,0,1,Waterfront,Good,90210,752799.26
660,1034,2,2.0,1,2022,1.67,1,0,0,Historic,Poor,60601,515194.97
661,3505,1,1.0,2,1997,1.38,1,0,0,Rural,Poor,77001,737838.28
662,1550,3,3.0,1,2019,1.67,2,0,1,Rural,Good,90210,612597.63
663,3435,2,2.5,2,2008,0.85,0,0,0,Downtown,Good,90210,846629.53
664,3880,2,3.0,2,2008,0.4,2,0,1,Rural,Good,77001,800309.32
665,3945,3,1.5,1,1951,1.5,2,0,0,Suburban,Excellent,90210,874243.8
666,1753,5,4.0,2,1978,0.78,3,0,1,Rural,Excellent,60601,746469.68
667,3339,2,3.5,1,2017,1.38,0,0,0,Downtown,Excellent,90210,964559.39
668,3760,4,2.5,1,2014,0.61,0,0,1,Downtown,Excellent,60601,944023.39
669,2342,2,2.0,2,1975,0.25,1,0,1,Suburban,Fair,77001,634917.27
670,1997,5,2.5,1,1959,1.99,1,1,0,Downtown,Poor,10001,861203.76
671,2476,5,4.0,2,2002,0.4,3,0,0,Waterfront,Good,77001,860263.78
672,1991,4,2.0,1,2008,1.98,2,0,0,Historic,Poor,60601,672355.91
673,3017,2,4.0,1,1971,1.96,1,0,1,Rural,Good,85001,787470.23
674,2216,5,2.0,1,2000,1.61,1,1,1,Waterfront,Poor,77001,815155.71
675,3793,3,2.5,1,1997,1.35,0,0,0,Rural,Fair,85001,856645.3
676,3642,1,2.0,1,1970,1.2,0,0,1,Waterfront,Excellent,85001,883433.35
677,3481,1,2.0,2,1971,1.75,1,0,0,Rural,Poor,60601,693804.01
678,2017,1,1.5,2,1979,0.65,0,0,1,Suburban,Good,60601,517912.16
679,2340,2,3.0,2,1974,0.99,3,1,1,Downtown,Poor,10001,745080.1
680,2876,4,3.0,2,1977,1.28,1,1,0,Downtown,Fair,90210,922724.65
681,2245,5,3.5,2,2014,0.88,0,0,0,Suburban,Fair,77001,718526.06
682,3186,3,3.5,2,1994,0.91,3,0,0,Waterfront,Poor,60601,878808.22
683,2319,3,1.5,1,2017,0.73,0,0,0,Historic,Excellent,77001,720666.96
684,2188,2,3.5,1,1956,1.17,0,0,0,Waterfront,Good,85001,737208.64
685,2656,1,4.0,2,1998,1.72,0,0,0,Downtown,Fair,90210,764758.62
686,2165,2,2.5,2,1958,0.48,1,0,0,Historic,Fair,10001,590500.84
687,1299,4,1.0,1,1985,1.88,2,0,0,Rural,Poor,77001,436692.57
688,2480,4,4.0,1,1950,1.41,0,0,0,Historic,Fair,90210,712980.8
689,1310,5,1.0,1,1959,1.66,3,1,0,Waterfront,Fair,10001,555534.14
690,1016,5,1.0,2,1985,1.16,1,0,0,Suburban,Good,77001,456003.84
691,2124,4,1.5,2,2022,1.58,1,1,1,Rural,Excellent,90210,645973.85
692,1955,4,4.0,2,1995,0.13,3,1,1,Waterfront,Good,60601,799779.81
693,2627,4,1.5,1,1981,1.65,0,0,0,Rural,Excellent,77001,736024.04
694,3941,2,2.0,1,1981,0.18,2,1,0,Historic,Good,90210,817891.52
695,2610,4,1.0,2,1955,1.79,0,0,1,Downtown,Poor,10001,678507.75
696,3292,3,2.5,2,1997,1.98,3,0,1,Waterfront,Fair,90210,997573.68
697,3723,1,3.5,1,1987,0.66,1,0,0,Suburban,Excellent,60601,856020.29
698,2005,4,2.5,1,1966,0.5,2,1,0,Historic,Poor,77001,592183.26
699,3014,1,3.5,1,1976,1.55,1,0,0,Waterfront,Fair,77001,861369.44
700,890,2,1.0,1,2003,0.58,3,0,0,Suburban,Fair,77001,395704.96
701,1513,1,1.0,2,1999,1.74,0,1,0,Waterfront,Fair,60601,580026.31
702,2681,2,1.0,1,1984,0.3,2,0,0,Historic,Good,10001,626861.95
703,838,3,1.5,1,1974,0.34,1,0,1,Waterfront,Poor,77001,469436.8
704,3997,2,4.0,1,1977,1.96,1,1,0,Rural,Poor,10001,861013.0
705,972,2,3.5,2,1964,1.38,1,1,0,Historic,Fair,90210,537668.93
706,1452,5,4.0,2,1953,1.71,0,1,0,Waterfront,Excellent,10001,799284.72
707,1553,4,1.5,1,2022,0.72,2,1,0,Downtown,Poor,10001,610401.34
708,2043,4,1.5,1,1976,1.39,0,0,0,Waterfront,Good,77001,705955.23
709,1881,3,3.0,1,1975,1.23,0,1,0,Rural,Excellent,85001,531151.56
710,2483,3,2.5,2,1968,1.25,0,0,1,Suburban,Excellent,85001,781817.62
711,3323,4,2.5,2,1966,1.4,3,0,0,Suburban,Excellent,60601,935883.55
712,1255,5,2.0,2,1992,1.19,3,0,1,Suburban,Excellent,60601,578680.49
713,1628,4,1.5,1,1990,0.92,3,0,1,Downtown,Poor,85001,632640.48
714,1694,5,3.5,2,1991,0.62,2,1,0,Rural,Fair,90210,640041.98
715,2184,3,3.0,1,1999,1.56,0,1,0,Historic,Excellent,77001,742449.9
716,2758,1,3.0,1,1989,0.53,0,0,0,Suburban,Good,77001,720789.69
717,3872,3,4.0,1,1988,1.42,3,0,1,Rural,Good,90210,970258.04
718,3234,3,2.5,2,1972,0.54,0,0,1,Waterfront,Fair,90210,911406.33
719,2796,2,1.5,1,2001,1.29,0,1,1,Downtown,Poor,85001,761114.02
720,3195,2,2.0,2,1996,1.52,1,1,0,Rural,Fair,60601,811077.94
721,989,2,1.5,2,2012,0.52,0,0,1,Rural,Excellent,90210,434804.27
722,1304,2,4.0,1,2018,0.21,1,0,0,Historic,Poor,60601,532736.54
723,2014,5,1.0,1,1992,0.35,0,0,0,Rural,Poor,10001,499361.52
724,2331,4,1.5,2,1997,1.25,2,0,0,Historic,Excellent,77001,712309.05
725,1623,1,4.0,1,1983,1.71,3,1,0,Downtown,Good,85001,707076.29
726,1728,3,1.0,2,1989,0.19,1,0,1,Downtown,Excellent,77001,625519.54
727,1733,5,1.0,1,2010,1.49,3,0,0,Waterfront,Fair,85001,762412.99
728,1940,1,2.0,2,1999,0.75,1,0,0,Historic,Excellent,10001,619562.67
729,933,5,3.5,2,2016,1.01,1,0,0,Historic,Good,77001,496162.33
730,2905,5,2.5,2,2011,1.86,1,1,1,Suburban,Excellent,10001,933588.79
731,1484,3,1.5,2,2007,0.73,2,0,1,Suburban,Fair,85001,504685.54
732,3519,4,1.0,1,1982,0.98,0,0,0,Waterfront,Fair,90210,815687.12
733,3020,2,1.5,1,1965,0.13,1,0,0,Downtown,Good,77001,739187.88
734,2652,4,3.5,2,1997,0.26,2,0,0,Suburban,Fair,10001,636034.57
735,1614,3,2.5,2,1959,0.59,1,0,1,Rural,Fair,77001,516931.79
736,1972,3,3.5,1,1987,0.15,0,1,0,Downtown,Excellent,77001,761261.91
737,879,3,2.5,1,1968,1.3,1,0,0,Rural,Poor,77001,348857.91
738,3733,1,3.0,1,1985,0.91,2,0,0,Historic,Fair,60601,853733.05
739,1002,4,2.5,1,2008,1.14,0,0,0,Downtown,Fair,10001,578177.96
740,3611,4,2.0,1,2012,0.43,2,0,1,Waterfront,Good,10001,958967.27
741,2052,5,3.5,1,1995,0.66,0,0,0,Historic,Good,77001,748338.82
742,2499,5,1.0,2,1952,1.36,0,0,0,Historic,Excellent,90210,665959.28
743,2050,5,3.0,1,2014,1.93,3,1,0,Rural,Excellent,77001,759127.9
744,2482,3,2.0,1,1957,0.2,3,1,0,Historic,Fair,60601,681099.54
745,2355,4,1.5,2,2000,1.79,3,0,1,Suburban,Poor,85001,705915.65
746,2894,3,3.5,1,2022,1.2,0,0,0,Downtown,Poor,60601,724549.78
747,2056,1,4.0,1,1955,1.17,1,0,1,Suburban,Excellent,90210,719665.55
748,2349,5,4.0,1,1988,1.05,2,0,1,Rural,Good,77001,759114.15
749,1966,3,1.0,1,2009,0.23,2,1,0,Rural,Fair,10001,557934.0
750,2196,3,2.5,1,1977,0.27,2,0,0,Downtown,Fair,77001,719659.16
751,3503,1,1.0,2,2003,1.24,3,0,0,Historic,Poor,90210,784830.22
752,1270,2,4.0,1,1986,0.75,0,1,1,Waterfront,Excellent,10001,744664.6
753,3818,4,1.5,2,1958,1.84,3,1,0,Rural,Poor,60601,824047.3
754,1835,2,3.0,2,2005,0.87,1,0,0,Downtown,Poor,85001,661799.27
755,2153,5,3.0,1,2008,0.37,0,0,0,Waterfront,Excellent,85001,765156.78
756,3583,3,3.5,2,1951,1.46,2,0,1,Historic,Good,77001,912392.93
757,3631,1,3.0,1,2010,0.66,3,0,0,Rural,Fair,60601,736916.73
758,1767,1,3.5,2,2007,1.1,3,1,0,Downtown,Good,90210,714971.23
759,1157,4,3.5,2,2009,1.43,1,1,0,Downtown,Excellent,85001,730096.38
760,3819,2,3.5,1,1989,1.81,1,1,0,Downtown,Excellent,60601,1085190.42
761,1467,4,4.0,1,1985,1.61,3,0,1,Rural,Fair,77001,565970.69
762,1172,3,4.0,1,1986,1.39,1,1,0,Waterfront,Good,10001,712048.81
763,1831,4,2.5,1,1967,1.39,2,0,1,Downtown,Fair,77001,696249.12
764,1945,1,2.0,1,2012,1.9,1,0,1,Historic,Poor,77001,636488.59
765,2171,1,3.5,2,1971,0.66,1,0,0,Downtown,Poor,60601,550513.56
766,3523,5,3.5,2,1960,0.1,3,0,1,Waterfront,Poor,85001,827684.81
767,889,5,2.0,2,2007,0.62,3,1,0,Rural,Good,60601,548673.95
768,3545,3,1.0,2,2006,0.51,0,0,0,Downtown,Poor,10001,762958.52
769,1339,2,3.5,2,1953,1.36,0,0,1,Downtown,Fair,60601,555362.06
770,3579,4,2.5,2,1956,1.3,3,0,0,Historic,Good,90210,917619.65
771,1668,3,3.0,2,2010,1.23,1,0,1,Historic,Fair,77001,655425.11
772,840,5,3.0,1,2003,0.13,1,0,0,Downtown,Excellent,85001,594355.96
773,1539,4,1.5,1,2017,1.48,0,0,1,Downtown,Good,10001,553498.91
774,2746,5,1.5,2,1950,0.71,0,1,0,Historic,Fair,77001,768951.01
775,3349,4,3.0,2,2004,1.36,0,0,0,Waterfront,Fair,60601,947242.88
776,3806,2,3.0,1,1952,1.16,2,0,0,Suburban,Good,90210,949253.71
777,2024,3,4.0,1,1987,0.75,2,0,1,Suburban,Excellent,60601,697127.23
778,1728,4,2.5,1,1950,0.36,0,1,1,Downtown,Good,77001,582620.11
779,2836,1,2.0,1,1987,0.28,1,0,0,Historic,Poor,10001,605983.03
780,3308,1,1.5,2,1978,1.68,0,0,1,Rural,Poor,85001,697699.35
781,3579,4,4.0,1,1954,1.84,2,0,0,Rural,Excellent,77001,936132.37
782,3599,4,4.0,2,1970,1.33,1,0,0,Suburban,Fair,10001,936975.66
783,1724,4,2.0,2,2020,0.3,2,0,1,Waterfront,Fair,77001,671243.7
784,3756,1,4.0,2,2016,0.86,1,1,1,Suburban,Fair,90210,931144.61
785,2381,1,2.5,1,1996,1.48,2,0,1,Downtown,Good,60601,853477.65
786,1189,4,3.0,1,1984,1.58,1,0,1,Waterfront,Good,85001,701213.34
787,2417,5,3.5,2,2017,0.32,1,1,0,Rural,Excellent,10001,806924.81
788,3730,5,2.0,2,2018,0.1,1,0,1,Historic,Poor,85001,815871.5
789,1055,2,3.0,2,1950,1.45,1,0,0,Historic,Fair,85001,525464.38
790,1508,3,3.0,1,2017,0.78,3,0,0,Downtown,Poor,85001,657523.25
791,2638,5,1.0,2,1961,0.58,2,0,0,Suburban,Good,10001,641977.54
792,2744,1,2.0,1,2009,0.12,2,0,0,Downtown,Good,10001,755936.3
793,3297,5,4.0,2,1976,1.13,3,0,0,Historic,Good,85001,985540.06
794,809,2,3.5,2,2005,1.72,1,1,0,Rural,Poor,60601,449170.79
795,3671,2,2.0,2,1972,1.92,1,1,0,Historic,Excellent,77001,1005197.78
796,1597,3,4.0,1,1974,1.17,2,0,0,Waterfront,Excellent,85001,718435.07
797,1676,5,3.0,1,1970,1.08,3,0,0,Historic,Good,90210,646282.25
798,1828,1,3.5,2,2010,0.26,1,0,0,Historic,Fair,85001,577078.17
799,3990,1,4.0,1,2012,1.14,1,1,0,Waterfront,Poor,10001,1050911.44
800,1815,4,2.5,2,2001,0.82,1,0,1,Suburban,Good,77001,687065.79
801,2624,1,4.0,1,1974,1.25,0,0,1,Historic,Poor,90210,684552.35
802,1173,3,1.0,1,2004,0.84,3,1,1,Downtown,Poor,77001,481461.44
803,3936,3,3.0,1,1995,0.56,1,1,0,Historic,Excellent,77001,1121828.39
804,2993,1,4.0,2,1981,0.28,0,1,1,Downtown,Good,90210,756620.27
805,1023,1,1.5,1,2004,0.7,3,0,0,Waterfront,Excellent,85001,544705.91
806,2062,4,1.5,1,1954,0.28,1,1,0,Historic,Good,85001,645785.28
807,3024,1,1.0,2,1985,0.44,2,1,0,Waterfront,Poor,85001,785156.13
808,2602,4,2.5,2,1998,1.98,0,0,1,Waterfront,Excellent,60601,893441.99
809,1652,4,3.0,2,2007,0.94,0,0,0,Suburban,Poor,85001,460054.12
810,862,1,2.0,2,1988,1.11,1,0,0,Historic,Good,90210,385286.74
811,2040,2,1.0,1,2010,1.76,1,1,0,Downtown,Fair,60601,704066.13
812,3674,2,2.5,1,1958,1.99,0,0,1,Downtown,Excellent,85001,974974.82
813,3642,4,2.0,1,1955,1.21,2,0,1,Historic,Excellent,60601,972306.12
814,1488,1,1.5,1,1984,1.64,2,0,0,Suburban,Poor,90210,479283.2
815,2284,2,1.5,1,1988,0.72,3,1,0,Suburban,Poor,85001,658104.21
816,2433,1,2.0,2,1971,0.68,1,0,0,Suburban,Fair,10001,518155.58
817,2952,1,1.0,1,1990,0.87,2,0,1,Downtown,Excellent,90210,703405.1
818,3970,1,1.5,1,1954,1.38,3,0,0,Waterfront,Good,77001,961524.01
819,1310,5,3.0,1,1991,1.4,2,1,1,Suburban,Good,77001,617073.77
820,1184,1,3.5,2,2016,0.7,1,0,0,Downtown,Excellent,90210,505054.23
821,1204,5,4.0,2,1979,0.35,3,0,1,Downtown,Excellent,77001,745298.0
822,3670,4,2.0,1,2006,1.3,3,1,0,Waterfront,Excellent,90210,1106017.99
823,1317,2,2.0,2,2022,0.34,3,0,0,Historic,Fair,10001,509974.66
824,1275,2,1.5,2,1978,1.2,2,1,0,Historic,Good,90210,526213.7
825,2800,2,1.0,2,1986,1.42,1,0,0,Suburban,Good,85001,673693.05
826,3556,2,3.0,2,1962,1.43,3,0,0,Suburban,Poor,85001,874762.03
827,2468,2,1.0,2,1981,1.53,0,0,1,Waterfront,Poor,60601,603969.2
828,2693,2,2.5,2,1995,1.76,1,0,0,Suburban,Excellent,77001,688648.82
829,3618,2,2.5,2,1972,1.05,0,0,1,Waterfront,Poor,77001,824880.92
830,2260,4,3.5,1,1994,1.49,0,0,1,Downtown,Fair,90210,791458.08
831,3894,1,1.5,1,1966,1.28,3,1,0,Suburban,Good,77001,958867.19
832,3844,3,1.5,2,2015,0.45,3,0,1,Downtown,Good,85001,1002054.2
833,3524,5,1.5,1,1955,0.15,2,0,1,Rural,Poor,10001,765222.14
834,1513,3,3.5,1,1967,0.64,2,0,0,Waterfront,Excellent,90210,676456.65
835,882,3,2.5,2,1971,0.94,2,1,1,Rural,Poor,77001,343173.5
836,1968,1,1.0,1,1982,1.27,1,0,0,Suburban,Excellent,85001,568449.49
837,3956,1,3.5,2,1979,1.71,2,0,0,Downtown,Fair,60601,1063698.35
838,3949,1,3.5,2,1981,0.47,0,0,1,Suburban,Good,77001,854347.12
839,3304,2,1.0,2,1991,0.34,2,0,0,Rural,Fair,10001,637566.33
840,2701,4,1.5,1,1959,1.93,3,0,0,Suburban,Good,10001,748387.84
841,2848,2,3.0,1,1985,0.31,2,1,0,Historic,Fair,77001,779687.56
842,850,4,1.0,1,1983,1.01,1,0,1,Rural,Poor,77001,353586.51
843,1484,4,2.5,1,2022,1.21,1,1,1,Suburban,Fair,85001,680100.71
844,1516,3,2.0,2,1977,1.13,0,0,0,Downtown,Fair,77001,531227.46
845,2269,3,2.0,2,1960,0.26,1,0,1,Suburban,Poor,60601,528299.42
846,1248,4,4.0,1,1988,0.21,2,1,1,Downtown,Good,85001,669150.3
847,1680,4,4.0,2,1996,0.3,3,0,0,Historic,Good,90210,653017.39
848,1287,2,3.5,2,1968,1.21,1,1,0,Suburban,Poor,60601,573088.25
849,2623,2,2.0,1,1964,1.13,0,0,1,Historic,Fair,85001,702105.72
850,2881,3,3.0,2,1977,0.54,2,1,1,Rural,Fair,85001,688165.07
851,2942,1,1.5,1,1973,1.31,0,0,1,Downtown,Fair,10001,667012.04
852,3943,4,2.5,2,2021,1.66,1,0,0,Rural,Excellent,85001,1023216.85
853,2374,2,4.0,1,1958,0.18,1,0,0,Downtown,Good,60601,689265.88
854,3001,3,3.0,2,1996,1.05,0,0,0,Historic,Fair,77001,800775.59
855,1049,2,2.5,2,1982,1.41,2,0,0,Waterfront,Good,60601,569743.63
856,1473,4,2.5,1,2011,0.58,1,0,0,Suburban,Fair,90210,563208.65
857,1237,4,1.5,1,1968,0.68,3,0,1,Historic,Poor,85001,473619.71
858,2965,5,3.5,1,2016,1.27,1,0,0,Downtown,Poor,85001,911918.98
859,1570,1,2.0,1,1989,1.81,2,1,1,Downtown,Good,85001,680651.41
860,1067,5,1.5,2,1996,1.64,1,0,0,Downtown,Good,85001,662887.02
861,2784,3,3.0,2,2014,1.21,0,0,0,Downtown,Poor,10001,743365.04
862,1877,2,3.5,1,1978,1.49,1,0,0,Suburban,Excellent,10001,647994.07
863,1035,3,3.0,2,1999,0.79,1,0,0,Rural,Poor,77001,344800.93
864,1188,4,3.5,1,1962,1.32,2,0,0,Waterfront,Fair,85001,727013.07
865,3837,5,4.0,1,1950,0.99,0,0,1,Suburban,Excellent,90210,888275.6
866,1562,5,3.0,2,1983,0.46,2,1,1,Downtown,Poor,77001,731443.47
867,2648,5,1.5,2,1997,1.43,1,1,0,Suburban,Excellent,85001,819873.48
868,3248,3,3.5,1,1997,1.16,3,0,0,Historic,Excellent,10001,962621.4
869,1423,4,3.5,1,1998,0.78,1,0,1,Downtown,Excellent,90210,676666.55
870,3614,2,2.5,1,2013,1.83,2,0,0,Waterfront,Good,77001,1017655.03
871,3766,2,2.5,2,2010,0.14,3,0,0,Downtown,Poor,90210,890804.23
872,2052,3,1.0,2,1978,0.7,2,0,0,Waterfront,Good,85001,580967.63
873,3700,5,3.0,2,1988,0.21,2,0,1,Waterfront,Good,60601,1002893.69
874,1377,1,2.5,2,1975,1.56,0,0,0,Rural,Fair,90210,376797.14
875,2922,3,1.0,1,1966,1.43,3,0,0,Rural,Fair,90210,700170.24
876,1234,3,4.0,1,2020,0.73,1,0,1,Suburban,Excellent,10001,618818.31
877,2950,4,4.0,1,1962,1.38,2,1,0,Suburban,Excellent,85001,931404.79
878,1563,2,2.5,1,2018,0.85,1,0,0,Waterfront,Fair,90210,632688.75
879,3585,3,3.0,1,1975,1.54,0,1,0,Downtown,Fair,85001,979679.44
880,3653,3,3.5,1,1998,0.96,0,1,1,Historic,Poor,10001,881436.29
881,2129,5,2.0,2,2016,0.88,3,0,0,Historic,Excellent,85001,779257.79
882,2945,5,3.0,2,1956,1.88,0,0,1,Downtown,Excellent,10001,974218.17
883,3645,1,1.5,1,2007,0.58,0,0,1,Downtown,Fair,10001,852716.3
884,2158,4,4.0,1,1998,0.33,1,1,0,Rural,Poor,77001,566217.77
885,3706,1,2.5,2,2002,1.21,0,1,1,Historic,Fair,85001,836844.46
886,3282,5,2.5,2,2014,1.94,0,0,0,Waterfront,Fair,60601,988710.45
887,1246,2,3.5,2,2011,0.82,2,0,0,Suburban,Good,77001,531658.17
888,2817,5,1.5,2,1966,0.22,0,1,0,Rural,Excellent,10001,700778.66
889,2131,4,3.5,1,1992,0.74,2,0,0,Historic,Poor,60601,717959.52
890,1048,5,1.5,1,1974,1.06,0,1,0,Downtown,Good,90210,558169.15
891,965,4,2.0,1,1952,0.41,0,1,0,Historic,Excellent,90210,491634.55
892,3831,4,4.0,1,1978,1.35,3,0,0,Waterfront,Fair,77001,1115680.68
893,2158,4,2.5,1,1981,2.0,3,0,1,Rural,Poor,60601,727908.71
894,1819,4,2.5,2,1975,0.96,2,0,0,Downtown,Excellent,85001,537549.39
895,1341,4,2.0,1,1965,0.77,0,0,1,Waterfront,Fair,60601,552318.68
896,1558,2,1.0,2,1974,0.86,1,0,0,Suburban,Good,77001,408551.61
897,3977,1,4.0,1,2003,0.32,3,1,0,Rural,Poor,85001,896315.81
898,2928,3,3.5,1,1977,1.78,1,1,0,Waterfront,Excellent,85001,951594.8
899,2980,1,2.0,1,2022,0.89,3,1,0,Waterfront,Good,90210,889293.08
900,1596,4,3.5,1,2005,0.84,3,0,0,Downtown,Fair,60601,723507.15
901,3747,2,3.0,1,2014,1.35,0,1,1,Suburban,Fair,85001,895400.7
902,937,5,2.5,2,1990,0.94,3,1,1,Waterfront,Excellent,77001,730190.78
903,3031,2,3.5,2,2000,1.33,1,0,1,Rural,Fair,90210,853341.39
904,2153,4,1.5,2,2020,0.22,3,0,0,Waterfront,Poor,85001,740030.77
905,3632,2,3.5,1,1978,1.65,2,0,1,Historic,Excellent,60601,905511.13
906,2675,2,3.0,1,1968,1.89,0,1,0,Rural,Good,90210,706162.66
907,3831,4,4.0,2,2015,1.33,0,0,0,Rural,Excellent,60601,1010940.82
908,868,2,2.5,1,1990,1.91,2,1,1,Waterfront,Excellent,60601,687839.19
909,3393,3,2.0,1,1994,0.39,2,0,1,Downtown,Good,60601,856832.55
910,2900,3,3.0,2,1964,1.01,2,1,0,Rural,Fair,90210,704510.56
911,2273,2,2.5,1,1952,1.24,3,0,0,Historic,Good,85001,672838.15
912,1004,5,3.5,2,1960,1.21,0,0,0,Downtown,Poor,10001,461255.76
913,2973,4,4.0,1,2002,0.86,2,0,1,Downtown,Fair,85001,962936.71
914,842,3,1.0,2,1995,0.74,3,0,0,Downtown,Excellent,90210,583734.05
915,2706,5,4.0,1,1979,0.34,2,1,1,Rural,Fair,10001,813634.7
916,2958,2,1.0,1,2006,0.84,1,0,0,Downtown,Fair,10001,707078.07
917,1560,5,1.5,2,1967,0.41,1,0,0,Waterfront,Poor,10001,608045.05
918,3695,1,4.0,1,2000,1.5,0,0,0,Downtown,Fair,77001,959846.46
919,2942,3,2.5,1,1997,0.5,3,0,0,Historic,Fair,90210,764022.96
920,2794,2,1.0,2,2015,0.21,1,0,0,Suburban,Fair,77001,619207.82
921,2735,4,2.0,1,1957,1.15,1,0,1,Historic,Excellent,10001,756273.28
922,1699,2,2.5,2,1971,1.23,3,1,1,Rural,Fair,77001,575084.24
923,1159,4,2.0,1,1955,1.76,2,0,1,Downtown,Good,77001,603795.46
924,3747,2,4.0,1,2006,1.2,3,1,1,Downtown,Fair,90210,1001043.37
925,2519,5,2.0,1,1985,0.76,2,1,1,Waterfront,Poor,60601,769116.18
926,1080,5,1.0,1,2006,1.63,1,0,0,Downtown,Fair,77001,485199.23
927,2687,5,2.5,2,1998,1.13,1,0,1,Historic,Fair,77001,832876.73
928,1466,1,3.5,1,1994,0.25,1,0,0,Rural,Excellent,10001,485325.87
929,892,4,3.0,2,2015,1.18,0,1,0,Suburban,Good,10001,540621.29
930,1471,5,1.0,1,1994,1.83,0,1,0,Downtown,Fair,10001,646376.3
931,2769,1,1.0,1,1969,0.85,0,0,0,Suburban,Good,85001,543801.9
932,860,4,3.5,1,2013,0.66,3,1,0,Downtown,Poor,77001,515987.36
933,3481,2,2.5,1,2016,0.37,1,0,1,Rural,Excellent,10001,838204.1
934,3922,1,2.5,2,1952,0.39,1,1,0,Historic,Good,90210,762866.05
935,1828,3,4.0,2,2003,0.92,3,1,0,Rural,Excellent,85001,697250.77
936,2289,1,2.0,2,2013,1.23,0,0,0,Suburban,Fair,60601,713172.32
937,1403,1,4.0,2,1989,0.25,3,0,0,Downtown,Poor,77001,451523.13
938,1481,4,3.5,1,2008,1.89,0,0,0,Suburban,Excellent,77001,652662.88
939,3381,2,4.0,2,2004,1.53,1,0,0,Historic,Fair,90210,793505.36
940,2228,3,3.5,2,2011,1.21,2,1,0,Rural,Good,60601,723513.6
941,3685,5,2.5,1,1953,1.67,0,0,0,Suburban,Poor,60601,947076.82
942,3492,5,2.0,1,2009,0.25,1,0,1,Suburban,Poor,85001,845645.87
943,3080,1,4.0,1,1979,1.01,1,0,1,Historic,Good,77001,792811.03
944,1323,4,1.0,1,1951,1.3,2,1,0,Downtown,Good,10001,670520.53
945,3193,4,1.5,2,2011,1.67,1,0,0,Suburban,Poor,90210,700832.37
946,3917,5,3.0,2,1998,1.59,1,0,0,Historic,Excellent,90210,1089747.16
947,3393,3,1.0,1,1958,0.63,0,0,1,Downtown,Poor,90210,728695.64
948,2768,2,2.5,1,1980,1.89,0,1,0,Downtown,Good,90210,796848.77
949,1901,3,3.0,1,2010,0.34,2,1,0,Rural,Excellent,10001,689504.57
950,2553,2,1.5,2,1997,1.76,2,0,1,Historic,Fair,10001,668351.03
951,2636,5,1.5,2,1974,1.94,1,0,0,Downtown,Poor,85001,771531.13
952,3944,2,2.0,1,1985,0.44,0,0,0,Rural,Good,77001,799882.92
953,3641,4,3.0,1,1957,1.47,2,0,0,Waterfront,Fair,10001,945099.37
954,3096,1,2.0,2,2022,0.18,2,0,1,Historic,Poor,85001,814899.78
955,2894,1,1.0,1,2007,0.87,3,1,1,Waterfront,Poor,60601,777508.14
956,1944,5,3.5,1,1994,1.08,2,0,1,Downtown,Excellent,77001,807167.48
957,3061,4,3.5,2,2011,1.2,1,1,0,Historic,Good,10001,878266.14
958,3086,3,3.5,1,1988,1.88,0,0,0,Rural,Fair,60601,781232.98
959,1879,4,3.0,2,2007,1.38,2,1,1,Downtown,Poor,85001,856587.73
960,3197,1,3.5,1,2013,1.01,3,1,1,Historic,Excellent,10001,929914.41
961,906,1,1.0,1,1993,1.64,0,0,0,Historic,Fair,10001,403835.1
962,3678,4,2.0,2,1978,1.91,2,0,1,Waterfront,Fair,60601,1069727.39
963,847,4,3.0,2,2008,0.14,3,0,0,Downtown,Poor,10001,479979.88
964,1136,1,2.0,1,2020,1.97,2,0,0,Rural,Fair,90210,440420.48
965,1849,3,3.0,2,1958,0.26,0,0,1,Rural,Poor,10001,488963.19
966,3651,5,2.0,1,1955,1.65,0,0,0,Downtown,Excellent,77001,945087.08
967,2080,5,1.5,1,1978,0.63,0,1,1,Downtown,Excellent,60601,709407.75
968,2855,4,2.0,2,2007,0.35,1,0,0,Suburban,Fair,77001,761744.49
969,1424,5,3.5,1,1966,0.94,2,1,0,Waterfront,Poor,85001,677628.85
970,2690,1,1.5,1,1965,1.32,1,0,1,Downtown,Good,77001,759661.99
971,2076,1,2.0,2,1952,0.82,0,1,1,Downtown,Excellent,90210,621803.67
972,2515,4,3.0,2,1970,0.2,3,0,0,Suburban,Poor,90210,588390.22
973,3566,4,3.0,1,2013,1.24,2,1,0,Suburban,Poor,77001,750610.23
974,1102,4,3.0,2,1985,1.81,1,0,1,Historic,Poor,85001,465892.58
975,1438,3,2.5,2,2011,0.83,2,0,0,Rural,Fair,10001,424401.98
976,855,5,1.0,2,1991,0.51,3,0,1,Waterfront,Good,90210,585076.9
977,1525,4,3.0,2,1991,0.94,1,0,1,Historic,Fair,77001,565183.37
978,1325,2,1.5,1,2010,0.19,0,0,0,Downtown,Excellent,77001,399043.43
979,1273,2,3.0,1,1962,1.66,1,0,0,Suburban,Fair,77001,476404.72
980,827,1,2.5,1,1960,1.67,2,0,0,Rural,Poor,10001,272958.6
981,2925,5,3.5,2,2003,1.22,2,1,1,Historic,Fair,60601,960404.96
982,1164,4,1.5,2,1965,0.77,2,0,0,Rural,Poor,85001,399513.43
983,3513,2,2.5,2,1957,1.62,2,0,0,Suburban,Good,60601,861654.31
984,1325,5,3.5,2,2008,1.15,0,1,0,Historic,Fair,85001,520835.97
985,3546,1,4.0,2,2006,1.67,1,0,0,Historic,Fair,85001,910670.46
986,2135,3,4.0,2,1989,1.3,0,0,0,Rural,Fair,77001,630179.88
987,1682,5,1.5,2,2008,1.59,0,0,0,Suburban,Poor,90210,503217.79
988,1830,5,2.0,1,1951,1.24,0,1,1,Downtown,Poor,77001,522628.46
989,1826,3,1.0,1,1959,0.89,2,1,1,Historic,Fair,10001,568965.75
990,2446,5,1.0,2,1993,1.92,2,1,1,Downtown,Fair,85001,876105.8
991,1718,1,2.5,2,1960,1.13,2,0,0,Suburban,Good,90210,389612.12
992,3597,1,3.5,2,1951,1.25,1,1,0,Historic,Good,85001,835923.96
993,3210,3,1.0,1,1999,0.52,3,0,1,Historic,Excellent,85001,845076.76
994,2574,4,3.5,1,1961,1.29,2,0,0,Downtown,Good,77001,872346.0
995,2331,2,3.5,2,1972,1.19,1,0,1,Waterfront,Good,90210,775031.42
996,3653,4,2.5,2,1967,0.45,2,0,1,Downtown,Good,90210,1023500.15
997,3586,5,2.5,1,2011,0.21,2,0,0,Downtown,Poor,85001,809134.67
998,2706,2,2.5,1,2011,1.25,0,0,1,Waterfront,Good,90210,738053.1
999,3886,3,1.0,1,1987,1.55,0,0,1,Suburban,Good,90210,930285.75
1000,2015,3,4.0,1,2016,1.09,0,0,0,Suburban,Fair,77001,547268.79
